ID,Max Queue Size,# of servers,Function,service,sources,Edges in,Edges out
0,1000000,1,"""W 10"" -> ""Done"" in 10""",10,outC.wl,"['Q1', 'Q8']","['Q-1', 'Q1']"
1,1000000,1,"""W 10"" -> ""Done"" in 10""",10,outC.wl,"['Q0', 'Q2']","['Q0', 'Q2']"
2,1000000,1,"""W 10"" -> ""Done"" in 10""",10,outC.wl,"['Q1', 'Q3']","['Q1', 'Q3']"
3,1000000,1,"""W 10"" -> ""Done"" in 10""",10,outC.wl,"['Q2', 'Q4']","['Q2', 'Q4']"
4,1000000,1,"""W 10"" -> ""Done"" in 10""",10,outC.wl,"['Q3', 'Q5']","['Q3', 'Q5']"
5,1000000,1,"""W 10"" -> ""Done"" in 10""",10,outC.wl,"['Q4', 'Q6']","['Q4', 'Q6']"
6,1000000,1,"""W 10"" -> ""Done"" in 10""",10,outC.wl,"['Q5', 'Q7']","['Q5', 'Q7']"
7,1000000,1,"""W 10"" -> ""Done"" in 10""",10,outC.wl,"['Q6', 'Q8']","['Q6', 'Q8']"
8,1000000,1,"""W 10"" -> ""Done"" in 10""",10,outC.wl,['Q7'],"['Q0', 'Q7']"
