time-step,queue-sys-id,num-jobs-in-queue,num-jobs-in-service,num-of-errors
0,q0,4,1,0
1,q0,8,1,0
2,q0,14,1,0
3,q0,22,1,0
4,q0,26,1,0
5,q0,30,1,0
6,q0,38,1,0
7,q0,44,1,0
8,q0,48,1,0
9,q0,53,1,0
10,q0,57,1,0
11,q0,61,1,0
12,q0,66,1,0
13,q0,67,1,0
14,q0,68,1,0
15,q0,71,1,0
16,q0,73,1,0
17,q0,78,1,0
18,q0,81,1,0
19,q0,82,1,0
20,q0,89,1,0
21,q0,93,1,0
22,q0,98,1,0
23,q0,100,1,0
24,q0,103,1,0
25,q0,108,1,0
26,q0,110,1,0
27,q0,115,1,0
28,q0,118,1,0
29,q0,121,1,0
30,q0,124,1,0
31,q0,132,1,0
32,q0,136,1,0
33,q0,138,1,0
34,q0,144,1,0
35,q0,146,1,0
36,q0,151,1,0
37,q0,152,1,0
38,q0,154,1,0
39,q0,158,1,0
40,q0,164,1,0
41,q0,169,1,0
42,q0,173,1,0
43,q0,177,1,0
44,q0,179,1,0
45,q0,182,1,0
46,q0,186,1,0
47,q0,193,1,0
48,q0,198,1,0
49,q0,198,1,0
50,q0,203,1,0
51,q0,207,1,0
52,q0,210,1,0
53,q0,216,1,0
54,q0,223,1,0
55,q0,229,1,0
56,q0,232,1,0
57,q0,236,1,0
58,q0,241,1,0
59,q0,246,1,0
60,q0,250,1,0
61,q0,254,1,0
62,q0,256,1,0
63,q0,258,1,0
64,q0,264,1,0
65,q0,271,1,0
66,q0,275,1,0
67,q0,282,1,0
68,q0,287,1,0
69,q0,289,1,0
70,q0,294,1,0
71,q0,302,1,0
72,q0,306,1,0
73,q0,314,1,0
74,q0,314,1,0
75,q0,320,1,0
76,q0,325,1,0
77,q0,329,1,0
78,q0,334,1,0
79,q0,334,1,0
80,q0,338,1,0
81,q0,343,1,0
82,q0,350,1,0
83,q0,353,1,0
84,q0,356,1,0
85,q0,359,1,0
86,q0,365,1,0
87,q0,370,1,0
88,q0,373,1,0
89,q0,378,1,0
90,q0,383,1,0
91,q0,389,1,0
92,q0,392,1,0
93,q0,396,1,0
94,q0,400,1,0
95,q0,402,1,0
96,q0,407,1,0
97,q0,412,1,0
98,q0,417,1,0
99,q0,420,1,0
100,q0,422,1,0
101,q0,422,1,0
102,q0,422,1,0
103,q0,422,1,0
104,q0,422,1,0
105,q0,422,1,0
106,q0,422,1,0
107,q0,422,1,0
108,q0,422,1,0
109,q0,421,1,0
110,q0,421,1,0
111,q0,421,1,0
112,q0,421,1,0
113,q0,421,1,0
114,q0,421,1,0
115,q0,421,1,0
116,q0,421,1,0
117,q0,421,1,0
118,q0,421,1,0
119,q0,420,1,0
120,q0,420,1,0
121,q0,420,1,0
122,q0,420,1,0
123,q0,420,1,0
124,q0,420,1,0
125,q0,420,1,0
126,q0,420,1,0
127,q0,420,1,0
128,q0,420,1,0
129,q0,419,1,0
130,q0,419,1,0
131,q0,419,1,0
132,q0,419,1,0
133,q0,419,1,0
134,q0,419,1,0
135,q0,419,1,0
136,q0,419,1,0
137,q0,419,1,0
138,q0,419,1,0
139,q0,418,1,0
140,q0,418,1,0
141,q0,418,1,0
142,q0,418,1,0
143,q0,418,1,0
144,q0,418,1,0
145,q0,418,1,0
146,q0,418,1,0
147,q0,418,1,0
148,q0,418,1,0
149,q0,417,1,0
150,q0,417,1,0
151,q0,417,1,0
152,q0,417,1,0
153,q0,417,1,0
154,q0,417,1,0
155,q0,417,1,0
156,q0,417,1,0
157,q0,417,1,0
158,q0,417,1,0
159,q0,416,1,0
160,q0,416,1,0
161,q0,416,1,0
162,q0,416,1,0
163,q0,416,1,0
164,q0,416,1,0
165,q0,416,1,0
166,q0,416,1,0
167,q0,416,1,0
168,q0,416,1,0
169,q0,415,1,0
170,q0,415,1,0
171,q0,415,1,0
172,q0,415,1,0
173,q0,415,1,0
174,q0,415,1,0
175,q0,415,1,0
176,q0,415,1,0
177,q0,415,1,0
178,q0,415,1,0
179,q0,414,1,0
180,q0,414,1,0
181,q0,414,1,0
182,q0,414,1,0
183,q0,414,1,0
184,q0,414,1,0
185,q0,414,1,0
186,q0,414,1,0
187,q0,414,1,0
188,q0,414,1,0
189,q0,413,1,0
190,q0,413,1,0
191,q0,413,1,0
192,q0,413,1,0
193,q0,413,1,0
194,q0,413,1,0
195,q0,413,1,0
196,q0,413,1,0
197,q0,413,1,0
198,q0,413,1,0
199,q0,412,1,0
200,q0,412,1,0
201,q0,412,1,0
202,q0,412,1,0
203,q0,412,1,0
204,q0,412,1,0
205,q0,412,1,0
206,q0,412,1,0
207,q0,412,1,0
208,q0,412,1,0
209,q0,411,1,0
210,q0,411,1,0
211,q0,411,1,0
212,q0,411,1,0
213,q0,411,1,0
214,q0,411,1,0
215,q0,411,1,0
216,q0,411,1,0
217,q0,411,1,0
218,q0,411,1,0
219,q0,410,1,0
220,q0,410,1,0
221,q0,410,1,0
222,q0,410,1,0
223,q0,410,1,0
224,q0,410,1,0
225,q0,410,1,0
226,q0,410,1,0
227,q0,410,1,0
228,q0,410,1,0
229,q0,409,1,0
230,q0,409,1,0
231,q0,409,1,0
232,q0,409,1,0
233,q0,409,1,0
234,q0,409,1,0
235,q0,409,1,0
236,q0,409,1,0
237,q0,409,1,0
238,q0,409,1,0
239,q0,408,1,0
240,q0,408,1,0
241,q0,408,1,0
242,q0,408,1,0
243,q0,408,1,0
244,q0,408,1,0
245,q0,408,1,0
246,q0,408,1,0
247,q0,408,1,0
248,q0,408,1,0
249,q0,407,1,0
250,q0,407,1,0
251,q0,407,1,0
252,q0,407,1,0
253,q0,407,1,0
254,q0,407,1,0
255,q0,407,1,0
256,q0,407,1,0
257,q0,407,1,0
258,q0,407,1,0
259,q0,406,1,0
260,q0,406,1,0
261,q0,406,1,0
262,q0,406,1,0
263,q0,406,1,0
264,q0,406,1,0
265,q0,406,1,0
266,q0,406,1,0
267,q0,406,1,0
268,q0,406,1,0
269,q0,405,1,0
270,q0,405,1,0
271,q0,405,1,0
272,q0,405,1,0
273,q0,405,1,0
274,q0,405,1,0
275,q0,405,1,0
276,q0,405,1,0
277,q0,405,1,0
278,q0,405,1,0
279,q0,404,1,0
280,q0,404,1,0
281,q0,404,1,0
282,q0,404,1,0
283,q0,404,1,0
284,q0,404,1,0
285,q0,404,1,0
286,q0,404,1,0
287,q0,404,1,0
288,q0,404,1,0
289,q0,403,1,0
290,q0,403,1,0
291,q0,403,1,0
292,q0,403,1,0
293,q0,403,1,0
294,q0,403,1,0
295,q0,403,1,0
296,q0,403,1,0
297,q0,403,1,0
298,q0,403,1,0
299,q0,402,1,0
300,q0,402,1,0
301,q0,402,1,0
302,q0,402,1,0
303,q0,402,1,0
304,q0,402,1,0
305,q0,402,1,0
306,q0,402,1,0
307,q0,402,1,0
308,q0,402,1,0
309,q0,401,1,0
310,q0,401,1,0
311,q0,401,1,0
312,q0,401,1,0
313,q0,401,1,0
314,q0,401,1,0
315,q0,401,1,0
316,q0,401,1,0
317,q0,401,1,0
318,q0,401,1,0
319,q0,400,1,0
320,q0,400,1,0
321,q0,400,1,0
322,q0,400,1,0
323,q0,400,1,0
324,q0,400,1,0
325,q0,400,1,0
326,q0,400,1,0
327,q0,400,1,0
328,q0,400,1,0
329,q0,399,1,0
330,q0,399,1,0
331,q0,399,1,0
332,q0,399,1,0
333,q0,399,1,0
334,q0,399,1,0
335,q0,399,1,0
336,q0,399,1,0
337,q0,399,1,0
338,q0,399,1,0
339,q0,398,1,0
340,q0,398,1,0
341,q0,398,1,0
342,q0,398,1,0
343,q0,398,1,0
344,q0,398,1,0
345,q0,398,1,0
346,q0,398,1,0
347,q0,398,1,0
348,q0,398,1,0
349,q0,397,1,0
350,q0,397,1,0
351,q0,397,1,0
352,q0,397,1,0
353,q0,397,1,0
354,q0,397,1,0
355,q0,397,1,0
356,q0,397,1,0
357,q0,397,1,0
358,q0,397,1,0
359,q0,396,1,0
360,q0,396,1,0
361,q0,396,1,0
362,q0,396,1,0
363,q0,396,1,0
364,q0,396,1,0
365,q0,396,1,0
366,q0,396,1,0
367,q0,396,1,0
368,q0,396,1,0
369,q0,395,1,0
370,q0,395,1,0
371,q0,395,1,0
372,q0,395,1,0
373,q0,395,1,0
374,q0,395,1,0
375,q0,395,1,0
376,q0,395,1,0
377,q0,395,1,0
378,q0,395,1,0
379,q0,394,1,0
380,q0,394,1,0
381,q0,394,1,0
382,q0,394,1,0
383,q0,394,1,0
384,q0,394,1,0
385,q0,394,1,0
386,q0,394,1,0
387,q0,394,1,0
388,q0,394,1,0
389,q0,393,1,0
390,q0,393,1,0
391,q0,393,1,0
392,q0,393,1,0
393,q0,393,1,0
394,q0,393,1,0
395,q0,393,1,0
396,q0,393,1,0
397,q0,393,1,0
398,q0,393,1,0
399,q0,392,1,0
400,q0,392,1,0
401,q0,392,1,0
402,q0,392,1,0
403,q0,392,1,0
404,q0,392,1,0
405,q0,392,1,0
406,q0,392,1,0
407,q0,392,1,0
408,q0,392,1,0
409,q0,391,1,0
410,q0,391,1,0
411,q0,391,1,0
412,q0,391,1,0
413,q0,391,1,0
414,q0,391,1,0
415,q0,391,1,0
416,q0,391,1,0
417,q0,391,1,0
418,q0,391,1,0
419,q0,390,1,0
420,q0,390,1,0
421,q0,390,1,0
422,q0,390,1,0
423,q0,390,1,0
424,q0,390,1,0
425,q0,390,1,0
426,q0,390,1,0
427,q0,390,1,0
428,q0,390,1,0
429,q0,389,1,0
430,q0,389,1,0
431,q0,389,1,0
432,q0,389,1,0
433,q0,389,1,0
434,q0,389,1,0
435,q0,389,1,0
436,q0,389,1,0
437,q0,389,1,0
438,q0,389,1,0
439,q0,388,1,0
440,q0,388,1,0
441,q0,388,1,0
442,q0,388,1,0
443,q0,388,1,0
444,q0,388,1,0
445,q0,388,1,0
446,q0,388,1,0
447,q0,388,1,0
448,q0,388,1,0
449,q0,387,1,0
450,q0,387,1,0
451,q0,387,1,0
452,q0,387,1,0
453,q0,387,1,0
454,q0,387,1,0
455,q0,387,1,0
456,q0,387,1,0
457,q0,387,1,0
458,q0,387,1,0
459,q0,386,1,0
460,q0,386,1,0
461,q0,386,1,0
462,q0,386,1,0
463,q0,386,1,0
464,q0,386,1,0
465,q0,386,1,0
466,q0,386,1,0
467,q0,386,1,0
468,q0,386,1,0
469,q0,385,1,0
470,q0,385,1,0
471,q0,385,1,0
472,q0,385,1,0
473,q0,385,1,0
474,q0,385,1,0
475,q0,385,1,0
476,q0,385,1,0
477,q0,385,1,0
478,q0,385,1,0
479,q0,384,1,0
480,q0,384,1,0
481,q0,384,1,0
482,q0,384,1,0
483,q0,384,1,0
484,q0,384,1,0
485,q0,384,1,0
486,q0,384,1,0
487,q0,384,1,0
488,q0,384,1,0
489,q0,383,1,0
490,q0,383,1,0
491,q0,383,1,0
492,q0,383,1,0
493,q0,383,1,0
494,q0,383,1,0
495,q0,383,1,0
496,q0,383,1,0
497,q0,383,1,0
498,q0,383,1,0
499,q0,382,1,0
500,q0,382,1,0
501,q0,382,1,0
502,q0,382,1,0
503,q0,382,1,0
504,q0,382,1,0
505,q0,382,1,0
506,q0,382,1,0
507,q0,382,1,0
508,q0,382,1,0
509,q0,381,1,0
510,q0,381,1,0
511,q0,381,1,0
512,q0,381,1,0
513,q0,381,1,0
514,q0,381,1,0
515,q0,381,1,0
516,q0,381,1,0
517,q0,381,1,0
518,q0,381,1,0
519,q0,380,1,0
520,q0,380,1,0
521,q0,380,1,0
522,q0,380,1,0
523,q0,380,1,0
524,q0,380,1,0
525,q0,380,1,0
526,q0,380,1,0
527,q0,380,1,0
528,q0,380,1,0
529,q0,379,1,0
530,q0,379,1,0
531,q0,379,1,0
532,q0,379,1,0
533,q0,379,1,0
534,q0,379,1,0
535,q0,379,1,0
536,q0,379,1,0
537,q0,379,1,0
538,q0,379,1,0
539,q0,378,1,0
540,q0,378,1,0
541,q0,378,1,0
542,q0,378,1,0
543,q0,378,1,0
544,q0,378,1,0
545,q0,378,1,0
546,q0,378,1,0
547,q0,378,1,0
548,q0,378,1,0
549,q0,377,1,0
550,q0,377,1,0
551,q0,377,1,0
552,q0,377,1,0
553,q0,377,1,0
554,q0,377,1,0
555,q0,377,1,0
556,q0,377,1,0
557,q0,377,1,0
558,q0,377,1,0
559,q0,376,1,0
560,q0,376,1,0
561,q0,376,1,0
562,q0,376,1,0
563,q0,376,1,0
564,q0,376,1,0
565,q0,376,1,0
566,q0,376,1,0
567,q0,376,1,0
568,q0,376,1,0
569,q0,375,1,0
570,q0,375,1,0
571,q0,375,1,0
572,q0,375,1,0
573,q0,375,1,0
574,q0,375,1,0
575,q0,375,1,0
576,q0,375,1,0
577,q0,375,1,0
578,q0,375,1,0
579,q0,374,1,0
580,q0,374,1,0
581,q0,374,1,0
582,q0,374,1,0
583,q0,374,1,0
584,q0,374,1,0
585,q0,374,1,0
586,q0,374,1,0
587,q0,374,1,0
588,q0,374,1,0
589,q0,373,1,0
590,q0,373,1,0
591,q0,373,1,0
592,q0,373,1,0
593,q0,373,1,0
594,q0,373,1,0
595,q0,373,1,0
596,q0,373,1,0
597,q0,373,1,0
598,q0,373,1,0
599,q0,372,1,0
600,q0,372,1,0
601,q0,372,1,0
602,q0,372,1,0
603,q0,372,1,0
604,q0,372,1,0
605,q0,372,1,0
606,q0,372,1,0
607,q0,372,1,0
608,q0,372,1,0
609,q0,371,1,0
610,q0,371,1,0
611,q0,371,1,0
612,q0,371,1,0
613,q0,371,1,0
614,q0,371,1,0
615,q0,371,1,0
616,q0,371,1,0
617,q0,371,1,0
618,q0,371,1,0
619,q0,370,1,0
620,q0,370,1,0
621,q0,370,1,0
622,q0,370,1,0
623,q0,370,1,0
624,q0,370,1,0
625,q0,370,1,0
626,q0,370,1,0
627,q0,370,1,0
628,q0,370,1,0
629,q0,369,1,0
630,q0,369,1,0
631,q0,369,1,0
632,q0,369,1,0
633,q0,369,1,0
634,q0,369,1,0
635,q0,369,1,0
636,q0,369,1,0
637,q0,369,1,0
638,q0,369,1,0
639,q0,368,1,0
640,q0,368,1,0
641,q0,368,1,0
642,q0,368,1,0
643,q0,368,1,0
644,q0,368,1,0
645,q0,368,1,0
646,q0,368,1,0
647,q0,368,1,0
648,q0,368,1,0
649,q0,367,1,0
650,q0,367,1,0
651,q0,367,1,0
652,q0,367,1,0
653,q0,367,1,0
654,q0,367,1,0
655,q0,367,1,0
656,q0,367,1,0
657,q0,367,1,0
658,q0,367,1,0
659,q0,366,1,0
660,q0,366,1,0
661,q0,366,1,0
662,q0,366,1,0
663,q0,366,1,0
664,q0,366,1,0
665,q0,366,1,0
666,q0,366,1,0
667,q0,366,1,0
668,q0,366,1,0
669,q0,365,1,0
670,q0,365,1,0
671,q0,365,1,0
672,q0,365,1,0
673,q0,365,1,0
674,q0,365,1,0
675,q0,365,1,0
676,q0,365,1,0
677,q0,365,1,0
678,q0,365,1,0
679,q0,364,1,0
680,q0,364,1,0
681,q0,364,1,0
682,q0,364,1,0
683,q0,364,1,0
684,q0,364,1,0
685,q0,364,1,0
686,q0,364,1,0
687,q0,364,1,0
688,q0,364,1,0
689,q0,363,1,0
690,q0,363,1,0
691,q0,363,1,0
692,q0,363,1,0
693,q0,363,1,0
694,q0,363,1,0
695,q0,363,1,0
696,q0,363,1,0
697,q0,363,1,0
698,q0,363,1,0
699,q0,362,1,0
700,q0,362,1,0
701,q0,362,1,0
702,q0,362,1,0
703,q0,362,1,0
704,q0,362,1,0
705,q0,362,1,0
706,q0,362,1,0
707,q0,362,1,0
708,q0,362,1,0
709,q0,361,1,0
710,q0,361,1,0
711,q0,361,1,0
712,q0,361,1,0
713,q0,361,1,0
714,q0,361,1,0
715,q0,361,1,0
716,q0,361,1,0
717,q0,361,1,0
718,q0,361,1,0
719,q0,360,1,0
720,q0,360,1,0
721,q0,360,1,0
722,q0,360,1,0
723,q0,360,1,0
724,q0,360,1,0
725,q0,360,1,0
726,q0,360,1,0
727,q0,360,1,0
728,q0,360,1,0
729,q0,359,1,0
730,q0,359,1,0
731,q0,359,1,0
732,q0,359,1,0
733,q0,359,1,0
734,q0,359,1,0
735,q0,359,1,0
736,q0,359,1,0
737,q0,359,1,0
738,q0,359,1,0
739,q0,358,1,0
740,q0,358,1,0
741,q0,358,1,0
742,q0,358,1,0
743,q0,358,1,0
744,q0,358,1,0
745,q0,358,1,0
746,q0,358,1,0
747,q0,358,1,0
748,q0,358,1,0
749,q0,357,1,0
750,q0,357,1,0
751,q0,357,1,0
752,q0,357,1,0
753,q0,357,1,0
754,q0,357,1,0
755,q0,357,1,0
756,q0,357,1,0
757,q0,357,1,0
758,q0,357,1,0
759,q0,356,1,0
760,q0,356,1,0
761,q0,356,1,0
762,q0,356,1,0
763,q0,356,1,0
764,q0,356,1,0
765,q0,356,1,0
766,q0,356,1,0
767,q0,356,1,0
768,q0,356,1,0
769,q0,355,1,0
770,q0,355,1,0
771,q0,355,1,0
772,q0,355,1,0
773,q0,355,1,0
774,q0,355,1,0
775,q0,355,1,0
776,q0,355,1,0
777,q0,355,1,0
778,q0,355,1,0
779,q0,354,1,0
780,q0,354,1,0
781,q0,354,1,0
782,q0,354,1,0
783,q0,354,1,0
784,q0,354,1,0
785,q0,354,1,0
786,q0,354,1,0
787,q0,354,1,0
788,q0,354,1,0
789,q0,353,1,0
790,q0,353,1,0
791,q0,353,1,0
792,q0,353,1,0
793,q0,353,1,0
794,q0,353,1,0
795,q0,353,1,0
796,q0,353,1,0
797,q0,353,1,0
798,q0,353,1,0
799,q0,352,1,0
800,q0,352,1,0
801,q0,352,1,0
802,q0,352,1,0
803,q0,352,1,0
804,q0,352,1,0
805,q0,352,1,0
806,q0,352,1,0
807,q0,352,1,0
808,q0,352,1,0
809,q0,351,1,0
810,q0,351,1,0
811,q0,351,1,0
812,q0,351,1,0
813,q0,351,1,0
814,q0,351,1,0
815,q0,351,1,0
816,q0,351,1,0
817,q0,351,1,0
818,q0,351,1,0
819,q0,350,1,0
820,q0,350,1,0
821,q0,350,1,0
822,q0,350,1,0
823,q0,350,1,0
824,q0,350,1,0
825,q0,350,1,0
826,q0,350,1,0
827,q0,350,1,0
828,q0,350,1,0
829,q0,349,1,0
830,q0,349,1,0
831,q0,349,1,0
832,q0,349,1,0
833,q0,349,1,0
834,q0,349,1,0
835,q0,349,1,0
836,q0,349,1,0
837,q0,349,1,0
838,q0,349,1,0
839,q0,348,1,0
840,q0,348,1,0
841,q0,348,1,0
842,q0,348,1,0
843,q0,348,1,0
844,q0,348,1,0
845,q0,348,1,0
846,q0,348,1,0
847,q0,348,1,0
848,q0,348,1,0
849,q0,347,1,0
850,q0,347,1,0
851,q0,347,1,0
852,q0,347,1,0
853,q0,347,1,0
854,q0,347,1,0
855,q0,347,1,0
856,q0,347,1,0
857,q0,347,1,0
858,q0,347,1,0
859,q0,346,1,0
860,q0,346,1,0
861,q0,346,1,0
862,q0,346,1,0
863,q0,346,1,0
864,q0,346,1,0
865,q0,346,1,0
866,q0,346,1,0
867,q0,346,1,0
868,q0,346,1,0
869,q0,345,1,0
870,q0,345,1,0
871,q0,345,1,0
872,q0,345,1,0
873,q0,345,1,0
874,q0,345,1,0
875,q0,345,1,0
876,q0,345,1,0
877,q0,345,1,0
878,q0,345,1,0
879,q0,344,1,0
880,q0,344,1,0
881,q0,344,1,0
882,q0,344,1,0
883,q0,344,1,0
884,q0,344,1,0
885,q0,344,1,0
886,q0,344,1,0
887,q0,344,1,0
888,q0,344,1,0
889,q0,343,1,0
890,q0,343,1,0
891,q0,343,1,0
892,q0,343,1,0
893,q0,343,1,0
894,q0,343,1,0
895,q0,343,1,0
896,q0,343,1,0
897,q0,343,1,0
898,q0,343,1,0
899,q0,342,1,0
900,q0,342,1,0
901,q0,342,1,0
902,q0,342,1,0
903,q0,342,1,0
904,q0,342,1,0
905,q0,342,1,0
906,q0,342,1,0
907,q0,342,1,0
908,q0,342,1,0
909,q0,341,1,0
910,q0,341,1,0
911,q0,341,1,0
912,q0,341,1,0
913,q0,341,1,0
914,q0,341,1,0
915,q0,341,1,0
916,q0,341,1,0
917,q0,341,1,0
918,q0,341,1,0
919,q0,340,1,0
920,q0,340,1,0
921,q0,340,1,0
922,q0,340,1,0
923,q0,340,1,0
924,q0,340,1,0
925,q0,340,1,0
926,q0,340,1,0
927,q0,340,1,0
928,q0,340,1,0
929,q0,339,1,0
930,q0,339,1,0
931,q0,339,1,0
932,q0,339,1,0
933,q0,339,1,0
934,q0,339,1,0
935,q0,339,1,0
936,q0,339,1,0
937,q0,339,1,0
938,q0,339,1,0
939,q0,338,1,0
940,q0,338,1,0
941,q0,338,1,0
942,q0,338,1,0
943,q0,338,1,0
944,q0,338,1,0
945,q0,338,1,0
946,q0,338,1,0
947,q0,338,1,0
948,q0,338,1,0
949,q0,337,1,0
950,q0,337,1,0
951,q0,337,1,0
952,q0,337,1,0
953,q0,337,1,0
954,q0,337,1,0
955,q0,337,1,0
956,q0,337,1,0
957,q0,337,1,0
958,q0,337,1,0
959,q0,336,1,0
960,q0,336,1,0
961,q0,336,1,0
962,q0,336,1,0
963,q0,336,1,0
964,q0,336,1,0
965,q0,336,1,0
966,q0,336,1,0
967,q0,336,1,0
968,q0,336,1,0
969,q0,335,1,0
970,q0,335,1,0
971,q0,335,1,0
972,q0,335,1,0
973,q0,335,1,0
974,q0,335,1,0
975,q0,335,1,0
976,q0,335,1,0
977,q0,335,1,0
978,q0,335,1,0
979,q0,334,1,0
980,q0,334,1,0
981,q0,334,1,0
982,q0,334,1,0
983,q0,334,1,0
984,q0,334,1,0
985,q0,334,1,0
986,q0,334,1,0
987,q0,334,1,0
988,q0,334,1,0
989,q0,333,1,0
990,q0,333,1,0
991,q0,333,1,0
992,q0,333,1,0
993,q0,333,1,0
994,q0,333,1,0
995,q0,333,1,0
996,q0,333,1,0
997,q0,333,1,0
998,q0,333,1,0
999,q0,332,1,0
1000,q0,332,1,0
1001,q0,332,1,0
1002,q0,332,1,0
1003,q0,332,1,0
1004,q0,332,1,0
1005,q0,332,1,0
1006,q0,332,1,0
1007,q0,332,1,0
1008,q0,332,1,0
1009,q0,331,1,0
1010,q0,331,1,0
1011,q0,331,1,0
1012,q0,331,1,0
1013,q0,331,1,0
1014,q0,331,1,0
1015,q0,331,1,0
1016,q0,331,1,0
1017,q0,331,1,0
1018,q0,331,1,0
1019,q0,330,1,0
1020,q0,330,1,0
1021,q0,330,1,0
1022,q0,330,1,0
1023,q0,330,1,0
1024,q0,330,1,0
1025,q0,330,1,0
1026,q0,330,1,0
1027,q0,330,1,0
1028,q0,330,1,0
1029,q0,329,1,0
1030,q0,329,1,0
1031,q0,329,1,0
1032,q0,329,1,0
1033,q0,329,1,0
1034,q0,329,1,0
1035,q0,329,1,0
1036,q0,329,1,0
1037,q0,329,1,0
1038,q0,329,1,0
1039,q0,328,1,0
1040,q0,328,1,0
1041,q0,328,1,0
1042,q0,328,1,0
1043,q0,328,1,0
1044,q0,328,1,0
1045,q0,328,1,0
1046,q0,328,1,0
1047,q0,328,1,0
1048,q0,328,1,0
1049,q0,327,1,0
1050,q0,327,1,0
1051,q0,327,1,0
1052,q0,327,1,0
1053,q0,327,1,0
1054,q0,327,1,0
1055,q0,327,1,0
1056,q0,327,1,0
1057,q0,327,1,0
1058,q0,327,1,0
1059,q0,326,1,0
1060,q0,326,1,0
1061,q0,326,1,0
1062,q0,326,1,0
1063,q0,326,1,0
1064,q0,326,1,0
1065,q0,326,1,0
1066,q0,326,1,0
1067,q0,326,1,0
1068,q0,326,1,0
1069,q0,325,1,0
1070,q0,325,1,0
1071,q0,325,1,0
1072,q0,325,1,0
1073,q0,325,1,0
1074,q0,325,1,0
1075,q0,325,1,0
1076,q0,325,1,0
1077,q0,325,1,0
1078,q0,325,1,0
1079,q0,324,1,0
1080,q0,324,1,0
1081,q0,324,1,0
1082,q0,324,1,0
1083,q0,324,1,0
1084,q0,324,1,0
1085,q0,324,1,0
1086,q0,324,1,0
1087,q0,324,1,0
1088,q0,324,1,0
1089,q0,323,1,0
1090,q0,323,1,0
1091,q0,323,1,0
1092,q0,323,1,0
1093,q0,323,1,0
1094,q0,323,1,0
1095,q0,323,1,0
1096,q0,323,1,0
1097,q0,323,1,0
1098,q0,323,1,0
1099,q0,322,1,0
1100,q0,322,1,0
1101,q0,322,1,0
1102,q0,322,1,0
1103,q0,322,1,0
1104,q0,322,1,0
1105,q0,322,1,0
1106,q0,322,1,0
1107,q0,322,1,0
1108,q0,322,1,0
1109,q0,321,1,0
1110,q0,321,1,0
1111,q0,321,1,0
1112,q0,321,1,0
1113,q0,321,1,0
1114,q0,321,1,0
1115,q0,321,1,0
1116,q0,321,1,0
1117,q0,321,1,0
1118,q0,321,1,0
1119,q0,320,1,0
1120,q0,320,1,0
1121,q0,320,1,0
1122,q0,320,1,0
1123,q0,320,1,0
1124,q0,320,1,0
1125,q0,320,1,0
1126,q0,320,1,0
1127,q0,320,1,0
1128,q0,320,1,0
1129,q0,319,1,0
1130,q0,319,1,0
1131,q0,319,1,0
1132,q0,319,1,0
1133,q0,319,1,0
1134,q0,319,1,0
1135,q0,319,1,0
1136,q0,319,1,0
1137,q0,319,1,0
1138,q0,319,1,0
1139,q0,318,1,0
1140,q0,318,1,0
1141,q0,318,1,0
1142,q0,318,1,0
1143,q0,318,1,0
1144,q0,318,1,0
1145,q0,318,1,0
1146,q0,318,1,0
1147,q0,318,1,0
1148,q0,318,1,0
1149,q0,317,1,0
1150,q0,317,1,0
1151,q0,317,1,0
1152,q0,317,1,0
1153,q0,317,1,0
1154,q0,317,1,0
1155,q0,317,1,0
1156,q0,317,1,0
1157,q0,317,1,0
1158,q0,317,1,0
1159,q0,316,1,0
1160,q0,316,1,0
1161,q0,316,1,0
1162,q0,316,1,0
1163,q0,316,1,0
1164,q0,316,1,0
1165,q0,316,1,0
1166,q0,316,1,0
1167,q0,316,1,0
1168,q0,316,1,0
1169,q0,315,1,0
1170,q0,315,1,0
1171,q0,315,1,0
1172,q0,315,1,0
1173,q0,315,1,0
1174,q0,315,1,0
1175,q0,315,1,0
1176,q0,315,1,0
1177,q0,315,1,0
1178,q0,315,1,0
1179,q0,314,1,0
1180,q0,314,1,0
1181,q0,314,1,0
1182,q0,314,1,0
1183,q0,314,1,0
1184,q0,314,1,0
1185,q0,314,1,0
1186,q0,314,1,0
1187,q0,314,1,0
1188,q0,314,1,0
1189,q0,313,1,0
1190,q0,313,1,0
1191,q0,313,1,0
1192,q0,313,1,0
1193,q0,313,1,0
1194,q0,313,1,0
1195,q0,313,1,0
1196,q0,313,1,0
1197,q0,313,1,0
1198,q0,313,1,0
1199,q0,312,1,0
1200,q0,312,1,0
1201,q0,312,1,0
1202,q0,312,1,0
1203,q0,312,1,0
1204,q0,312,1,0
1205,q0,312,1,0
1206,q0,312,1,0
1207,q0,312,1,0
1208,q0,312,1,0
1209,q0,311,1,0
1210,q0,311,1,0
1211,q0,311,1,0
1212,q0,311,1,0
1213,q0,311,1,0
1214,q0,311,1,0
1215,q0,311,1,0
1216,q0,311,1,0
1217,q0,311,1,0
1218,q0,311,1,0
1219,q0,310,1,0
1220,q0,310,1,0
1221,q0,310,1,0
1222,q0,310,1,0
1223,q0,310,1,0
1224,q0,310,1,0
1225,q0,310,1,0
1226,q0,310,1,0
1227,q0,310,1,0
1228,q0,310,1,0
1229,q0,309,1,0
1230,q0,309,1,0
1231,q0,309,1,0
1232,q0,309,1,0
1233,q0,309,1,0
1234,q0,309,1,0
1235,q0,309,1,0
1236,q0,309,1,0
1237,q0,309,1,0
1238,q0,309,1,0
1239,q0,308,1,0
1240,q0,308,1,0
1241,q0,308,1,0
1242,q0,308,1,0
1243,q0,308,1,0
1244,q0,308,1,0
1245,q0,308,1,0
1246,q0,308,1,0
1247,q0,308,1,0
1248,q0,308,1,0
1249,q0,307,1,0
1250,q0,307,1,0
1251,q0,307,1,0
1252,q0,307,1,0
1253,q0,307,1,0
1254,q0,307,1,0
1255,q0,307,1,0
1256,q0,307,1,0
1257,q0,307,1,0
1258,q0,307,1,0
1259,q0,306,1,0
1260,q0,306,1,0
1261,q0,306,1,0
1262,q0,306,1,0
1263,q0,306,1,0
1264,q0,306,1,0
1265,q0,306,1,0
1266,q0,306,1,0
1267,q0,306,1,0
1268,q0,306,1,0
1269,q0,305,1,0
1270,q0,305,1,0
1271,q0,305,1,0
1272,q0,305,1,0
1273,q0,305,1,0
1274,q0,305,1,0
1275,q0,305,1,0
1276,q0,305,1,0
1277,q0,305,1,0
1278,q0,305,1,0
1279,q0,304,1,0
1280,q0,304,1,0
1281,q0,304,1,0
1282,q0,304,1,0
1283,q0,304,1,0
1284,q0,304,1,0
1285,q0,304,1,0
1286,q0,304,1,0
1287,q0,304,1,0
1288,q0,304,1,0
1289,q0,303,1,0
1290,q0,303,1,0
1291,q0,303,1,0
1292,q0,303,1,0
1293,q0,303,1,0
1294,q0,303,1,0
1295,q0,303,1,0
1296,q0,303,1,0
1297,q0,303,1,0
1298,q0,303,1,0
1299,q0,302,1,0
1300,q0,302,1,0
1301,q0,302,1,0
1302,q0,302,1,0
1303,q0,302,1,0
1304,q0,302,1,0
1305,q0,302,1,0
1306,q0,302,1,0
1307,q0,302,1,0
1308,q0,302,1,0
1309,q0,301,1,0
1310,q0,301,1,0
1311,q0,301,1,0
1312,q0,301,1,0
1313,q0,301,1,0
1314,q0,301,1,0
1315,q0,301,1,0
1316,q0,301,1,0
1317,q0,301,1,0
1318,q0,301,1,0
1319,q0,300,1,0
1320,q0,300,1,0
1321,q0,300,1,0
1322,q0,300,1,0
1323,q0,300,1,0
1324,q0,300,1,0
1325,q0,300,1,0
1326,q0,300,1,0
1327,q0,300,1,0
1328,q0,300,1,0
1329,q0,299,1,0
1330,q0,299,1,0
1331,q0,299,1,0
1332,q0,299,1,0
1333,q0,299,1,0
1334,q0,299,1,0
1335,q0,299,1,0
1336,q0,299,1,0
1337,q0,299,1,0
1338,q0,299,1,0
1339,q0,298,1,0
1340,q0,298,1,0
1341,q0,298,1,0
1342,q0,298,1,0
1343,q0,298,1,0
1344,q0,298,1,0
1345,q0,298,1,0
1346,q0,298,1,0
1347,q0,298,1,0
1348,q0,298,1,0
1349,q0,297,1,0
1350,q0,297,1,0
1351,q0,297,1,0
1352,q0,297,1,0
1353,q0,297,1,0
1354,q0,297,1,0
1355,q0,297,1,0
1356,q0,297,1,0
1357,q0,297,1,0
1358,q0,297,1,0
1359,q0,296,1,0
1360,q0,296,1,0
1361,q0,296,1,0
1362,q0,296,1,0
1363,q0,296,1,0
1364,q0,296,1,0
1365,q0,296,1,0
1366,q0,296,1,0
1367,q0,296,1,0
1368,q0,296,1,0
1369,q0,295,1,0
1370,q0,295,1,0
1371,q0,295,1,0
1372,q0,295,1,0
1373,q0,295,1,0
1374,q0,295,1,0
1375,q0,295,1,0
1376,q0,295,1,0
1377,q0,295,1,0
1378,q0,295,1,0
1379,q0,294,1,0
1380,q0,294,1,0
1381,q0,294,1,0
1382,q0,294,1,0
1383,q0,294,1,0
1384,q0,294,1,0
1385,q0,294,1,0
1386,q0,294,1,0
1387,q0,294,1,0
1388,q0,294,1,0
1389,q0,293,1,0
1390,q0,293,1,0
1391,q0,293,1,0
1392,q0,293,1,0
1393,q0,293,1,0
1394,q0,293,1,0
1395,q0,293,1,0
1396,q0,293,1,0
1397,q0,293,1,0
1398,q0,293,1,0
1399,q0,292,1,0
1400,q0,292,1,0
1401,q0,292,1,0
1402,q0,292,1,0
1403,q0,292,1,0
1404,q0,292,1,0
1405,q0,292,1,0
1406,q0,292,1,0
1407,q0,292,1,0
1408,q0,292,1,0
1409,q0,291,1,0
1410,q0,291,1,0
1411,q0,291,1,0
1412,q0,291,1,0
1413,q0,291,1,0
1414,q0,291,1,0
1415,q0,291,1,0
1416,q0,291,1,0
1417,q0,291,1,0
1418,q0,291,1,0
1419,q0,290,1,0
1420,q0,290,1,0
1421,q0,290,1,0
1422,q0,290,1,0
1423,q0,290,1,0
1424,q0,290,1,0
1425,q0,290,1,0
1426,q0,290,1,0
1427,q0,290,1,0
1428,q0,290,1,0
1429,q0,289,1,0
1430,q0,289,1,0
1431,q0,289,1,0
1432,q0,289,1,0
1433,q0,289,1,0
1434,q0,289,1,0
1435,q0,289,1,0
1436,q0,289,1,0
1437,q0,289,1,0
1438,q0,289,1,0
1439,q0,288,1,0
1440,q0,288,1,0
1441,q0,288,1,0
1442,q0,288,1,0
1443,q0,288,1,0
1444,q0,288,1,0
1445,q0,288,1,0
1446,q0,288,1,0
1447,q0,288,1,0
1448,q0,288,1,0
1449,q0,287,1,0
1450,q0,287,1,0
1451,q0,287,1,0
1452,q0,287,1,0
1453,q0,287,1,0
1454,q0,287,1,0
1455,q0,287,1,0
1456,q0,287,1,0
1457,q0,287,1,0
1458,q0,287,1,0
1459,q0,286,1,0
1460,q0,286,1,0
1461,q0,286,1,0
1462,q0,286,1,0
1463,q0,286,1,0
1464,q0,286,1,0
1465,q0,286,1,0
1466,q0,286,1,0
1467,q0,286,1,0
1468,q0,286,1,0
1469,q0,285,1,0
1470,q0,285,1,0
1471,q0,285,1,0
1472,q0,285,1,0
1473,q0,285,1,0
1474,q0,285,1,0
1475,q0,285,1,0
1476,q0,285,1,0
1477,q0,285,1,0
1478,q0,285,1,0
1479,q0,284,1,0
1480,q0,284,1,0
1481,q0,284,1,0
1482,q0,284,1,0
1483,q0,284,1,0
1484,q0,284,1,0
1485,q0,284,1,0
1486,q0,284,1,0
1487,q0,284,1,0
1488,q0,284,1,0
1489,q0,283,1,0
1490,q0,283,1,0
1491,q0,283,1,0
1492,q0,283,1,0
1493,q0,283,1,0
1494,q0,283,1,0
1495,q0,283,1,0
1496,q0,283,1,0
1497,q0,283,1,0
1498,q0,283,1,0
1499,q0,282,1,0
1500,q0,282,1,0
1501,q0,282,1,0
1502,q0,282,1,0
1503,q0,282,1,0
1504,q0,282,1,0
1505,q0,282,1,0
1506,q0,282,1,0
1507,q0,282,1,0
1508,q0,282,1,0
1509,q0,281,1,0
1510,q0,281,1,0
1511,q0,281,1,0
1512,q0,281,1,0
1513,q0,281,1,0
1514,q0,281,1,0
1515,q0,281,1,0
1516,q0,281,1,0
1517,q0,281,1,0
1518,q0,281,1,0
1519,q0,280,1,0
1520,q0,280,1,0
1521,q0,280,1,0
1522,q0,280,1,0
1523,q0,280,1,0
1524,q0,280,1,0
1525,q0,280,1,0
1526,q0,280,1,0
1527,q0,280,1,0
1528,q0,280,1,0
1529,q0,279,1,0
1530,q0,279,1,0
1531,q0,279,1,0
1532,q0,279,1,0
1533,q0,279,1,0
1534,q0,279,1,0
1535,q0,279,1,0
1536,q0,279,1,0
1537,q0,279,1,0
1538,q0,279,1,0
1539,q0,278,1,0
1540,q0,278,1,0
1541,q0,278,1,0
1542,q0,278,1,0
1543,q0,278,1,0
1544,q0,278,1,0
1545,q0,278,1,0
1546,q0,278,1,0
1547,q0,278,1,0
1548,q0,278,1,0
1549,q0,277,1,0
1550,q0,277,1,0
1551,q0,277,1,0
1552,q0,277,1,0
1553,q0,277,1,0
1554,q0,277,1,0
1555,q0,277,1,0
1556,q0,277,1,0
1557,q0,277,1,0
1558,q0,277,1,0
1559,q0,276,1,0
1560,q0,276,1,0
1561,q0,276,1,0
1562,q0,276,1,0
1563,q0,276,1,0
1564,q0,276,1,0
1565,q0,276,1,0
1566,q0,276,1,0
1567,q0,276,1,0
1568,q0,276,1,0
1569,q0,275,1,0
1570,q0,275,1,0
1571,q0,275,1,0
1572,q0,275,1,0
1573,q0,275,1,0
1574,q0,275,1,0
1575,q0,275,1,0
1576,q0,275,1,0
1577,q0,275,1,0
1578,q0,275,1,0
1579,q0,274,1,0
1580,q0,274,1,0
1581,q0,274,1,0
1582,q0,274,1,0
1583,q0,274,1,0
1584,q0,274,1,0
1585,q0,274,1,0
1586,q0,274,1,0
1587,q0,274,1,0
1588,q0,274,1,0
1589,q0,273,1,0
1590,q0,273,1,0
1591,q0,273,1,0
1592,q0,273,1,0
1593,q0,273,1,0
1594,q0,273,1,0
1595,q0,273,1,0
1596,q0,273,1,0
1597,q0,273,1,0
1598,q0,273,1,0
1599,q0,272,1,0
1600,q0,272,1,0
1601,q0,272,1,0
1602,q0,272,1,0
1603,q0,272,1,0
1604,q0,272,1,0
1605,q0,272,1,0
1606,q0,272,1,0
1607,q0,272,1,0
1608,q0,272,1,0
1609,q0,271,1,0
1610,q0,271,1,0
1611,q0,271,1,0
1612,q0,271,1,0
1613,q0,271,1,0
1614,q0,271,1,0
1615,q0,271,1,0
1616,q0,271,1,0
1617,q0,271,1,0
1618,q0,271,1,0
1619,q0,270,1,0
1620,q0,270,1,0
1621,q0,270,1,0
1622,q0,270,1,0
1623,q0,270,1,0
1624,q0,270,1,0
1625,q0,270,1,0
1626,q0,270,1,0
1627,q0,270,1,0
1628,q0,270,1,0
1629,q0,269,1,0
1630,q0,269,1,0
1631,q0,269,1,0
1632,q0,269,1,0
1633,q0,269,1,0
1634,q0,269,1,0
1635,q0,269,1,0
1636,q0,269,1,0
1637,q0,269,1,0
1638,q0,269,1,0
1639,q0,268,1,0
1640,q0,268,1,0
1641,q0,268,1,0
1642,q0,268,1,0
1643,q0,268,1,0
1644,q0,268,1,0
1645,q0,268,1,0
1646,q0,268,1,0
1647,q0,268,1,0
1648,q0,268,1,0
1649,q0,267,1,0
1650,q0,267,1,0
1651,q0,267,1,0
1652,q0,267,1,0
1653,q0,267,1,0
1654,q0,267,1,0
1655,q0,267,1,0
1656,q0,267,1,0
1657,q0,267,1,0
1658,q0,267,1,0
1659,q0,266,1,0
1660,q0,266,1,0
1661,q0,266,1,0
1662,q0,266,1,0
1663,q0,266,1,0
1664,q0,266,1,0
1665,q0,266,1,0
1666,q0,266,1,0
1667,q0,266,1,0
1668,q0,266,1,0
1669,q0,265,1,0
1670,q0,265,1,0
1671,q0,265,1,0
1672,q0,265,1,0
1673,q0,265,1,0
1674,q0,265,1,0
1675,q0,265,1,0
1676,q0,265,1,0
1677,q0,265,1,0
1678,q0,265,1,0
1679,q0,264,1,0
1680,q0,264,1,0
1681,q0,264,1,0
1682,q0,264,1,0
1683,q0,264,1,0
1684,q0,264,1,0
1685,q0,264,1,0
1686,q0,264,1,0
1687,q0,264,1,0
1688,q0,264,1,0
1689,q0,263,1,0
1690,q0,263,1,0
1691,q0,263,1,0
1692,q0,263,1,0
1693,q0,263,1,0
1694,q0,263,1,0
1695,q0,263,1,0
1696,q0,263,1,0
1697,q0,263,1,0
1698,q0,263,1,0
1699,q0,262,1,0
1700,q0,262,1,0
1701,q0,262,1,0
1702,q0,262,1,0
1703,q0,262,1,0
1704,q0,262,1,0
1705,q0,262,1,0
1706,q0,262,1,0
1707,q0,262,1,0
1708,q0,262,1,0
1709,q0,261,1,0
1710,q0,261,1,0
1711,q0,261,1,0
1712,q0,261,1,0
1713,q0,261,1,0
1714,q0,261,1,0
1715,q0,261,1,0
1716,q0,261,1,0
1717,q0,261,1,0
1718,q0,261,1,0
1719,q0,260,1,0
1720,q0,260,1,0
1721,q0,260,1,0
1722,q0,260,1,0
1723,q0,260,1,0
1724,q0,260,1,0
1725,q0,260,1,0
1726,q0,260,1,0
1727,q0,260,1,0
1728,q0,260,1,0
1729,q0,259,1,0
1730,q0,259,1,0
1731,q0,259,1,0
1732,q0,259,1,0
1733,q0,259,1,0
1734,q0,259,1,0
1735,q0,259,1,0
1736,q0,259,1,0
1737,q0,259,1,0
1738,q0,259,1,0
1739,q0,258,1,0
1740,q0,258,1,0
1741,q0,258,1,0
1742,q0,258,1,0
1743,q0,258,1,0
1744,q0,258,1,0
1745,q0,258,1,0
1746,q0,258,1,0
1747,q0,258,1,0
1748,q0,258,1,0
1749,q0,257,1,0
1750,q0,257,1,0
1751,q0,257,1,0
1752,q0,257,1,0
1753,q0,257,1,0
1754,q0,257,1,0
1755,q0,257,1,0
1756,q0,257,1,0
1757,q0,257,1,0
1758,q0,257,1,0
1759,q0,256,1,0
1760,q0,256,1,0
1761,q0,256,1,0
1762,q0,256,1,0
1763,q0,256,1,0
1764,q0,256,1,0
1765,q0,256,1,0
1766,q0,256,1,0
1767,q0,256,1,0
1768,q0,256,1,0
1769,q0,255,1,0
1770,q0,255,1,0
1771,q0,255,1,0
1772,q0,255,1,0
1773,q0,255,1,0
1774,q0,255,1,0
1775,q0,255,1,0
1776,q0,255,1,0
1777,q0,255,1,0
1778,q0,255,1,0
1779,q0,254,1,0
1780,q0,254,1,0
1781,q0,254,1,0
1782,q0,254,1,0
1783,q0,254,1,0
1784,q0,254,1,0
1785,q0,254,1,0
1786,q0,254,1,0
1787,q0,254,1,0
1788,q0,254,1,0
1789,q0,253,1,0
1790,q0,253,1,0
1791,q0,253,1,0
1792,q0,253,1,0
1793,q0,253,1,0
1794,q0,253,1,0
1795,q0,253,1,0
1796,q0,253,1,0
1797,q0,253,1,0
1798,q0,253,1,0
1799,q0,252,1,0
1800,q0,252,1,0
1801,q0,252,1,0
1802,q0,252,1,0
1803,q0,252,1,0
1804,q0,252,1,0
1805,q0,252,1,0
1806,q0,252,1,0
1807,q0,252,1,0
1808,q0,252,1,0
1809,q0,251,1,0
1810,q0,251,1,0
1811,q0,251,1,0
1812,q0,251,1,0
1813,q0,251,1,0
1814,q0,251,1,0
1815,q0,251,1,0
1816,q0,251,1,0
1817,q0,251,1,0
1818,q0,251,1,0
1819,q0,250,1,0
1820,q0,250,1,0
1821,q0,250,1,0
1822,q0,250,1,0
1823,q0,250,1,0
1824,q0,250,1,0
1825,q0,250,1,0
1826,q0,250,1,0
1827,q0,250,1,0
1828,q0,250,1,0
1829,q0,249,1,0
1830,q0,249,1,0
1831,q0,249,1,0
1832,q0,249,1,0
1833,q0,249,1,0
1834,q0,249,1,0
1835,q0,249,1,0
1836,q0,249,1,0
1837,q0,249,1,0
1838,q0,249,1,0
1839,q0,248,1,0
1840,q0,248,1,0
1841,q0,248,1,0
1842,q0,248,1,0
1843,q0,248,1,0
1844,q0,248,1,0
1845,q0,248,1,0
1846,q0,248,1,0
1847,q0,248,1,0
1848,q0,248,1,0
1849,q0,247,1,0
1850,q0,247,1,0
1851,q0,247,1,0
1852,q0,247,1,0
1853,q0,247,1,0
1854,q0,247,1,0
1855,q0,247,1,0
1856,q0,247,1,0
1857,q0,247,1,0
1858,q0,247,1,0
1859,q0,246,1,0
1860,q0,246,1,0
1861,q0,246,1,0
1862,q0,246,1,0
1863,q0,246,1,0
1864,q0,246,1,0
1865,q0,246,1,0
1866,q0,246,1,0
1867,q0,246,1,0
1868,q0,246,1,0
1869,q0,245,1,0
1870,q0,245,1,0
1871,q0,245,1,0
1872,q0,245,1,0
1873,q0,245,1,0
1874,q0,245,1,0
1875,q0,245,1,0
1876,q0,245,1,0
1877,q0,245,1,0
1878,q0,245,1,0
1879,q0,244,1,0
1880,q0,244,1,0
1881,q0,244,1,0
1882,q0,244,1,0
1883,q0,244,1,0
1884,q0,244,1,0
1885,q0,244,1,0
1886,q0,244,1,0
1887,q0,244,1,0
1888,q0,244,1,0
1889,q0,243,1,0
1890,q0,243,1,0
1891,q0,243,1,0
1892,q0,243,1,0
1893,q0,243,1,0
1894,q0,243,1,0
1895,q0,243,1,0
1896,q0,243,1,0
1897,q0,243,1,0
1898,q0,243,1,0
1899,q0,242,1,0
1900,q0,242,1,0
1901,q0,242,1,0
1902,q0,242,1,0
1903,q0,242,1,0
1904,q0,242,1,0
1905,q0,242,1,0
1906,q0,242,1,0
1907,q0,242,1,0
1908,q0,242,1,0
1909,q0,241,1,0
1910,q0,241,1,0
1911,q0,241,1,0
1912,q0,241,1,0
1913,q0,241,1,0
1914,q0,241,1,0
1915,q0,241,1,0
1916,q0,241,1,0
1917,q0,241,1,0
1918,q0,241,1,0
1919,q0,240,1,0
1920,q0,240,1,0
1921,q0,240,1,0
1922,q0,240,1,0
1923,q0,240,1,0
1924,q0,240,1,0
1925,q0,240,1,0
1926,q0,240,1,0
1927,q0,240,1,0
1928,q0,240,1,0
1929,q0,239,1,0
1930,q0,239,1,0
1931,q0,239,1,0
1932,q0,239,1,0
1933,q0,239,1,0
1934,q0,239,1,0
1935,q0,239,1,0
1936,q0,239,1,0
1937,q0,239,1,0
1938,q0,239,1,0
1939,q0,238,1,0
1940,q0,238,1,0
1941,q0,238,1,0
1942,q0,238,1,0
1943,q0,238,1,0
1944,q0,238,1,0
1945,q0,238,1,0
1946,q0,238,1,0
1947,q0,238,1,0
1948,q0,238,1,0
1949,q0,237,1,0
1950,q0,237,1,0
1951,q0,237,1,0
1952,q0,237,1,0
1953,q0,237,1,0
1954,q0,237,1,0
1955,q0,237,1,0
1956,q0,237,1,0
1957,q0,237,1,0
1958,q0,237,1,0
1959,q0,236,1,0
1960,q0,236,1,0
1961,q0,236,1,0
1962,q0,236,1,0
1963,q0,236,1,0
1964,q0,236,1,0
1965,q0,236,1,0
1966,q0,236,1,0
1967,q0,236,1,0
1968,q0,236,1,0
1969,q0,235,1,0
1970,q0,235,1,0
1971,q0,235,1,0
1972,q0,235,1,0
1973,q0,235,1,0
1974,q0,235,1,0
1975,q0,235,1,0
1976,q0,235,1,0
1977,q0,235,1,0
1978,q0,235,1,0
1979,q0,234,1,0
1980,q0,234,1,0
1981,q0,234,1,0
1982,q0,234,1,0
1983,q0,234,1,0
1984,q0,234,1,0
1985,q0,234,1,0
1986,q0,234,1,0
1987,q0,234,1,0
1988,q0,234,1,0
1989,q0,233,1,0
1990,q0,233,1,0
1991,q0,233,1,0
1992,q0,233,1,0
1993,q0,233,1,0
1994,q0,233,1,0
1995,q0,233,1,0
1996,q0,233,1,0
1997,q0,233,1,0
1998,q0,233,1,0
1999,q0,232,1,0
2000,q0,232,1,0
2001,q0,232,1,0
2002,q0,232,1,0
2003,q0,232,1,0
2004,q0,232,1,0
2005,q0,232,1,0
2006,q0,232,1,0
2007,q0,232,1,0
2008,q0,232,1,0
2009,q0,231,1,0
2010,q0,231,1,0
2011,q0,231,1,0
2012,q0,231,1,0
2013,q0,231,1,0
2014,q0,231,1,0
2015,q0,231,1,0
2016,q0,231,1,0
2017,q0,231,1,0
2018,q0,231,1,0
2019,q0,230,1,0
2020,q0,230,1,0
2021,q0,230,1,0
2022,q0,230,1,0
2023,q0,230,1,0
2024,q0,230,1,0
2025,q0,230,1,0
2026,q0,230,1,0
2027,q0,230,1,0
2028,q0,230,1,0
2029,q0,229,1,0
2030,q0,229,1,0
2031,q0,229,1,0
2032,q0,229,1,0
2033,q0,229,1,0
2034,q0,229,1,0
2035,q0,229,1,0
2036,q0,229,1,0
2037,q0,229,1,0
2038,q0,229,1,0
2039,q0,228,1,0
2040,q0,228,1,0
2041,q0,228,1,0
2042,q0,228,1,0
2043,q0,228,1,0
2044,q0,228,1,0
2045,q0,228,1,0
2046,q0,228,1,0
2047,q0,228,1,0
2048,q0,228,1,0
2049,q0,227,1,0
2050,q0,227,1,0
2051,q0,227,1,0
2052,q0,227,1,0
2053,q0,227,1,0
2054,q0,227,1,0
2055,q0,227,1,0
2056,q0,227,1,0
2057,q0,227,1,0
2058,q0,227,1,0
2059,q0,226,1,0
2060,q0,226,1,0
2061,q0,226,1,0
2062,q0,226,1,0
2063,q0,226,1,0
2064,q0,226,1,0
2065,q0,226,1,0
2066,q0,226,1,0
2067,q0,226,1,0
2068,q0,226,1,0
2069,q0,225,1,0
2070,q0,225,1,0
2071,q0,225,1,0
2072,q0,225,1,0
2073,q0,225,1,0
2074,q0,225,1,0
2075,q0,225,1,0
2076,q0,225,1,0
2077,q0,225,1,0
2078,q0,225,1,0
2079,q0,224,1,0
2080,q0,224,1,0
2081,q0,224,1,0
2082,q0,224,1,0
2083,q0,224,1,0
2084,q0,224,1,0
2085,q0,224,1,0
2086,q0,224,1,0
2087,q0,224,1,0
2088,q0,224,1,0
2089,q0,223,1,0
2090,q0,223,1,0
2091,q0,223,1,0
2092,q0,223,1,0
2093,q0,223,1,0
2094,q0,223,1,0
2095,q0,223,1,0
2096,q0,223,1,0
2097,q0,223,1,0
2098,q0,223,1,0
2099,q0,222,1,0
2100,q0,222,1,0
2101,q0,222,1,0
2102,q0,222,1,0
2103,q0,222,1,0
2104,q0,222,1,0
2105,q0,222,1,0
2106,q0,222,1,0
2107,q0,222,1,0
2108,q0,222,1,0
2109,q0,221,1,0
2110,q0,221,1,0
2111,q0,221,1,0
2112,q0,221,1,0
2113,q0,221,1,0
2114,q0,221,1,0
2115,q0,221,1,0
2116,q0,221,1,0
2117,q0,221,1,0
2118,q0,221,1,0
2119,q0,220,1,0
2120,q0,220,1,0
2121,q0,220,1,0
2122,q0,220,1,0
2123,q0,220,1,0
2124,q0,220,1,0
2125,q0,220,1,0
2126,q0,220,1,0
2127,q0,220,1,0
2128,q0,220,1,0
2129,q0,219,1,0
2130,q0,219,1,0
2131,q0,219,1,0
2132,q0,219,1,0
2133,q0,219,1,0
2134,q0,219,1,0
2135,q0,219,1,0
2136,q0,219,1,0
2137,q0,219,1,0
2138,q0,219,1,0
2139,q0,218,1,0
2140,q0,218,1,0
2141,q0,218,1,0
2142,q0,218,1,0
2143,q0,218,1,0
2144,q0,218,1,0
2145,q0,218,1,0
2146,q0,218,1,0
2147,q0,218,1,0
2148,q0,218,1,0
2149,q0,217,1,0
2150,q0,217,1,0
2151,q0,217,1,0
2152,q0,217,1,0
2153,q0,217,1,0
2154,q0,217,1,0
2155,q0,217,1,0
2156,q0,217,1,0
2157,q0,217,1,0
2158,q0,217,1,0
2159,q0,216,1,0
2160,q0,216,1,0
2161,q0,216,1,0
2162,q0,216,1,0
2163,q0,216,1,0
2164,q0,216,1,0
2165,q0,216,1,0
2166,q0,216,1,0
2167,q0,216,1,0
2168,q0,216,1,0
2169,q0,215,1,0
2170,q0,215,1,0
2171,q0,215,1,0
2172,q0,215,1,0
2173,q0,215,1,0
2174,q0,215,1,0
2175,q0,215,1,0
2176,q0,215,1,0
2177,q0,215,1,0
2178,q0,215,1,0
2179,q0,214,1,0
2180,q0,214,1,0
2181,q0,214,1,0
2182,q0,214,1,0
2183,q0,214,1,0
2184,q0,214,1,0
2185,q0,214,1,0
2186,q0,214,1,0
2187,q0,214,1,0
2188,q0,214,1,0
2189,q0,213,1,0
2190,q0,213,1,0
2191,q0,213,1,0
2192,q0,213,1,0
2193,q0,213,1,0
2194,q0,213,1,0
2195,q0,213,1,0
2196,q0,213,1,0
2197,q0,213,1,0
2198,q0,213,1,0
2199,q0,212,1,0
2200,q0,212,1,0
2201,q0,212,1,0
2202,q0,212,1,0
2203,q0,212,1,0
2204,q0,212,1,0
2205,q0,212,1,0
2206,q0,212,1,0
2207,q0,212,1,0
2208,q0,212,1,0
2209,q0,211,1,0
2210,q0,211,1,0
2211,q0,211,1,0
2212,q0,211,1,0
2213,q0,211,1,0
2214,q0,211,1,0
2215,q0,211,1,0
2216,q0,211,1,0
2217,q0,211,1,0
2218,q0,211,1,0
2219,q0,210,1,0
2220,q0,210,1,0
2221,q0,210,1,0
2222,q0,210,1,0
2223,q0,210,1,0
2224,q0,210,1,0
2225,q0,210,1,0
2226,q0,210,1,0
2227,q0,210,1,0
2228,q0,210,1,0
2229,q0,209,1,0
2230,q0,209,1,0
2231,q0,209,1,0
2232,q0,209,1,0
2233,q0,209,1,0
2234,q0,209,1,0
2235,q0,209,1,0
2236,q0,209,1,0
2237,q0,209,1,0
2238,q0,209,1,0
2239,q0,208,1,0
2240,q0,208,1,0
2241,q0,208,1,0
2242,q0,208,1,0
2243,q0,208,1,0
2244,q0,208,1,0
2245,q0,208,1,0
2246,q0,208,1,0
2247,q0,208,1,0
2248,q0,208,1,0
2249,q0,207,1,0
2250,q0,207,1,0
2251,q0,207,1,0
2252,q0,207,1,0
2253,q0,207,1,0
2254,q0,207,1,0
2255,q0,207,1,0
2256,q0,207,1,0
2257,q0,207,1,0
2258,q0,207,1,0
2259,q0,206,1,0
2260,q0,206,1,0
2261,q0,206,1,0
2262,q0,206,1,0
2263,q0,206,1,0
2264,q0,206,1,0
2265,q0,206,1,0
2266,q0,206,1,0
2267,q0,206,1,0
2268,q0,206,1,0
2269,q0,205,1,0
2270,q0,205,1,0
2271,q0,205,1,0
2272,q0,205,1,0
2273,q0,205,1,0
2274,q0,205,1,0
2275,q0,205,1,0
2276,q0,205,1,0
2277,q0,205,1,0
2278,q0,205,1,0
2279,q0,204,1,0
2280,q0,204,1,0
2281,q0,204,1,0
2282,q0,204,1,0
2283,q0,204,1,0
2284,q0,204,1,0
2285,q0,204,1,0
2286,q0,204,1,0
2287,q0,204,1,0
2288,q0,204,1,0
2289,q0,203,1,0
2290,q0,203,1,0
2291,q0,203,1,0
2292,q0,203,1,0
2293,q0,203,1,0
2294,q0,203,1,0
2295,q0,203,1,0
2296,q0,203,1,0
2297,q0,203,1,0
2298,q0,203,1,0
2299,q0,202,1,0
2300,q0,202,1,0
2301,q0,202,1,0
2302,q0,202,1,0
2303,q0,202,1,0
2304,q0,202,1,0
2305,q0,202,1,0
2306,q0,202,1,0
2307,q0,202,1,0
2308,q0,202,1,0
2309,q0,201,1,0
2310,q0,201,1,0
2311,q0,201,1,0
2312,q0,201,1,0
2313,q0,201,1,0
2314,q0,201,1,0
2315,q0,201,1,0
2316,q0,201,1,0
2317,q0,201,1,0
2318,q0,201,1,0
2319,q0,200,1,0
2320,q0,200,1,0
2321,q0,200,1,0
2322,q0,200,1,0
2323,q0,200,1,0
2324,q0,200,1,0
2325,q0,200,1,0
2326,q0,200,1,0
2327,q0,200,1,0
2328,q0,200,1,0
2329,q0,199,1,0
2330,q0,199,1,0
2331,q0,199,1,0
2332,q0,199,1,0
2333,q0,199,1,0
2334,q0,199,1,0
2335,q0,199,1,0
2336,q0,199,1,0
2337,q0,199,1,0
2338,q0,199,1,0
2339,q0,198,1,0
2340,q0,198,1,0
2341,q0,198,1,0
2342,q0,198,1,0
2343,q0,198,1,0
2344,q0,198,1,0
2345,q0,198,1,0
2346,q0,198,1,0
2347,q0,198,1,0
2348,q0,198,1,0
2349,q0,197,1,0
2350,q0,197,1,0
2351,q0,197,1,0
2352,q0,197,1,0
2353,q0,197,1,0
2354,q0,197,1,0
2355,q0,197,1,0
2356,q0,197,1,0
2357,q0,197,1,0
2358,q0,197,1,0
2359,q0,196,1,0
2360,q0,196,1,0
2361,q0,196,1,0
2362,q0,196,1,0
2363,q0,196,1,0
2364,q0,196,1,0
2365,q0,196,1,0
2366,q0,196,1,0
2367,q0,196,1,0
2368,q0,196,1,0
2369,q0,195,1,0
2370,q0,195,1,0
2371,q0,195,1,0
2372,q0,195,1,0
2373,q0,195,1,0
2374,q0,195,1,0
2375,q0,195,1,0
2376,q0,195,1,0
2377,q0,195,1,0
2378,q0,195,1,0
2379,q0,194,1,0
2380,q0,194,1,0
2381,q0,194,1,0
2382,q0,194,1,0
2383,q0,194,1,0
2384,q0,194,1,0
2385,q0,194,1,0
2386,q0,194,1,0
2387,q0,194,1,0
2388,q0,194,1,0
2389,q0,193,1,0
2390,q0,193,1,0
2391,q0,193,1,0
2392,q0,193,1,0
2393,q0,193,1,0
2394,q0,193,1,0
2395,q0,193,1,0
2396,q0,193,1,0
2397,q0,193,1,0
2398,q0,193,1,0
2399,q0,192,1,0
2400,q0,192,1,0
2401,q0,192,1,0
2402,q0,192,1,0
2403,q0,192,1,0
2404,q0,192,1,0
2405,q0,192,1,0
2406,q0,192,1,0
2407,q0,192,1,0
2408,q0,192,1,0
2409,q0,191,1,0
2410,q0,191,1,0
2411,q0,191,1,0
2412,q0,191,1,0
2413,q0,191,1,0
2414,q0,191,1,0
2415,q0,191,1,0
2416,q0,191,1,0
2417,q0,191,1,0
2418,q0,191,1,0
2419,q0,190,1,0
2420,q0,190,1,0
2421,q0,190,1,0
2422,q0,190,1,0
2423,q0,190,1,0
2424,q0,190,1,0
2425,q0,190,1,0
2426,q0,190,1,0
2427,q0,190,1,0
2428,q0,190,1,0
2429,q0,189,1,0
2430,q0,189,1,0
2431,q0,189,1,0
2432,q0,189,1,0
2433,q0,189,1,0
2434,q0,189,1,0
2435,q0,189,1,0
2436,q0,189,1,0
2437,q0,189,1,0
2438,q0,189,1,0
2439,q0,188,1,0
2440,q0,188,1,0
2441,q0,188,1,0
2442,q0,188,1,0
2443,q0,188,1,0
2444,q0,188,1,0
2445,q0,188,1,0
2446,q0,188,1,0
2447,q0,188,1,0
2448,q0,188,1,0
2449,q0,187,1,0
2450,q0,187,1,0
2451,q0,187,1,0
2452,q0,187,1,0
2453,q0,187,1,0
2454,q0,187,1,0
2455,q0,187,1,0
2456,q0,187,1,0
2457,q0,187,1,0
2458,q0,187,1,0
2459,q0,186,1,0
2460,q0,186,1,0
2461,q0,186,1,0
2462,q0,186,1,0
2463,q0,186,1,0
2464,q0,186,1,0
2465,q0,186,1,0
2466,q0,186,1,0
2467,q0,186,1,0
2468,q0,186,1,0
2469,q0,185,1,0
2470,q0,185,1,0
2471,q0,185,1,0
2472,q0,185,1,0
2473,q0,185,1,0
2474,q0,185,1,0
2475,q0,185,1,0
2476,q0,185,1,0
2477,q0,185,1,0
2478,q0,185,1,0
2479,q0,184,1,0
2480,q0,184,1,0
2481,q0,184,1,0
2482,q0,184,1,0
2483,q0,184,1,0
2484,q0,184,1,0
2485,q0,184,1,0
2486,q0,184,1,0
2487,q0,184,1,0
2488,q0,184,1,0
2489,q0,183,1,0
2490,q0,183,1,0
2491,q0,183,1,0
2492,q0,183,1,0
2493,q0,183,1,0
2494,q0,183,1,0
2495,q0,183,1,0
2496,q0,183,1,0
2497,q0,183,1,0
2498,q0,183,1,0
2499,q0,182,1,0
2500,q0,182,1,0
2501,q0,182,1,0
2502,q0,182,1,0
2503,q0,182,1,0
2504,q0,182,1,0
2505,q0,182,1,0
2506,q0,182,1,0
2507,q0,182,1,0
2508,q0,182,1,0
2509,q0,181,1,0
2510,q0,181,1,0
2511,q0,181,1,0
2512,q0,181,1,0
2513,q0,181,1,0
2514,q0,181,1,0
2515,q0,181,1,0
2516,q0,181,1,0
2517,q0,181,1,0
2518,q0,181,1,0
2519,q0,180,1,0
2520,q0,180,1,0
2521,q0,180,1,0
2522,q0,180,1,0
2523,q0,180,1,0
2524,q0,180,1,0
2525,q0,180,1,0
2526,q0,180,1,0
2527,q0,180,1,0
2528,q0,180,1,0
2529,q0,179,1,0
2530,q0,179,1,0
2531,q0,179,1,0
2532,q0,179,1,0
2533,q0,179,1,0
2534,q0,179,1,0
2535,q0,179,1,0
2536,q0,179,1,0
2537,q0,179,1,0
2538,q0,179,1,0
2539,q0,178,1,0
2540,q0,178,1,0
2541,q0,178,1,0
2542,q0,178,1,0
2543,q0,178,1,0
2544,q0,178,1,0
2545,q0,178,1,0
2546,q0,178,1,0
2547,q0,178,1,0
2548,q0,178,1,0
2549,q0,177,1,0
2550,q0,177,1,0
2551,q0,177,1,0
2552,q0,177,1,0
2553,q0,177,1,0
2554,q0,177,1,0
2555,q0,177,1,0
2556,q0,177,1,0
2557,q0,177,1,0
2558,q0,177,1,0
2559,q0,176,1,0
2560,q0,176,1,0
2561,q0,176,1,0
2562,q0,176,1,0
2563,q0,176,1,0
2564,q0,176,1,0
2565,q0,176,1,0
2566,q0,176,1,0
2567,q0,176,1,0
2568,q0,176,1,0
2569,q0,175,1,0
2570,q0,175,1,0
2571,q0,175,1,0
2572,q0,175,1,0
2573,q0,175,1,0
2574,q0,175,1,0
2575,q0,175,1,0
2576,q0,175,1,0
2577,q0,175,1,0
2578,q0,175,1,0
2579,q0,174,1,0
2580,q0,174,1,0
2581,q0,174,1,0
2582,q0,174,1,0
2583,q0,174,1,0
2584,q0,174,1,0
2585,q0,174,1,0
2586,q0,174,1,0
2587,q0,174,1,0
2588,q0,174,1,0
2589,q0,173,1,0
2590,q0,173,1,0
2591,q0,173,1,0
2592,q0,173,1,0
2593,q0,173,1,0
2594,q0,173,1,0
2595,q0,173,1,0
2596,q0,173,1,0
2597,q0,173,1,0
2598,q0,173,1,0
2599,q0,172,1,0
2600,q0,172,1,0
2601,q0,172,1,0
2602,q0,172,1,0
2603,q0,172,1,0
2604,q0,172,1,0
2605,q0,172,1,0
2606,q0,172,1,0
2607,q0,172,1,0
2608,q0,172,1,0
2609,q0,171,1,0
2610,q0,171,1,0
2611,q0,171,1,0
2612,q0,171,1,0
2613,q0,171,1,0
2614,q0,171,1,0
2615,q0,171,1,0
2616,q0,171,1,0
2617,q0,171,1,0
2618,q0,171,1,0
2619,q0,170,1,0
2620,q0,170,1,0
2621,q0,170,1,0
2622,q0,170,1,0
2623,q0,170,1,0
2624,q0,170,1,0
2625,q0,170,1,0
2626,q0,170,1,0
2627,q0,170,1,0
2628,q0,170,1,0
2629,q0,169,1,0
2630,q0,169,1,0
2631,q0,169,1,0
2632,q0,169,1,0
2633,q0,169,1,0
2634,q0,169,1,0
2635,q0,169,1,0
2636,q0,169,1,0
2637,q0,169,1,0
2638,q0,169,1,0
2639,q0,168,1,0
2640,q0,168,1,0
2641,q0,168,1,0
2642,q0,168,1,0
2643,q0,168,1,0
2644,q0,168,1,0
2645,q0,168,1,0
2646,q0,168,1,0
2647,q0,168,1,0
2648,q0,168,1,0
2649,q0,167,1,0
2650,q0,167,1,0
2651,q0,167,1,0
2652,q0,167,1,0
2653,q0,167,1,0
2654,q0,167,1,0
2655,q0,167,1,0
2656,q0,167,1,0
2657,q0,167,1,0
2658,q0,167,1,0
2659,q0,166,1,0
2660,q0,166,1,0
2661,q0,166,1,0
2662,q0,166,1,0
2663,q0,166,1,0
2664,q0,166,1,0
2665,q0,166,1,0
2666,q0,166,1,0
2667,q0,166,1,0
2668,q0,166,1,0
2669,q0,165,1,0
2670,q0,165,1,0
2671,q0,165,1,0
2672,q0,165,1,0
2673,q0,165,1,0
2674,q0,165,1,0
2675,q0,165,1,0
2676,q0,165,1,0
2677,q0,165,1,0
2678,q0,165,1,0
2679,q0,164,1,0
2680,q0,164,1,0
2681,q0,164,1,0
2682,q0,164,1,0
2683,q0,164,1,0
2684,q0,164,1,0
2685,q0,164,1,0
2686,q0,164,1,0
2687,q0,164,1,0
2688,q0,164,1,0
2689,q0,163,1,0
2690,q0,163,1,0
2691,q0,163,1,0
2692,q0,163,1,0
2693,q0,163,1,0
2694,q0,163,1,0
2695,q0,163,1,0
2696,q0,163,1,0
2697,q0,163,1,0
2698,q0,163,1,0
2699,q0,162,1,0
2700,q0,162,1,0
2701,q0,162,1,0
2702,q0,162,1,0
2703,q0,162,1,0
2704,q0,162,1,0
2705,q0,162,1,0
2706,q0,162,1,0
2707,q0,162,1,0
2708,q0,162,1,0
2709,q0,161,1,0
2710,q0,161,1,0
2711,q0,161,1,0
2712,q0,161,1,0
2713,q0,161,1,0
2714,q0,161,1,0
2715,q0,161,1,0
2716,q0,161,1,0
2717,q0,161,1,0
2718,q0,161,1,0
2719,q0,160,1,0
2720,q0,160,1,0
2721,q0,160,1,0
2722,q0,160,1,0
2723,q0,160,1,0
2724,q0,160,1,0
2725,q0,160,1,0
2726,q0,160,1,0
2727,q0,160,1,0
2728,q0,160,1,0
2729,q0,159,1,0
2730,q0,159,1,0
2731,q0,159,1,0
2732,q0,159,1,0
2733,q0,159,1,0
2734,q0,159,1,0
2735,q0,159,1,0
2736,q0,159,1,0
2737,q0,159,1,0
2738,q0,159,1,0
2739,q0,158,1,0
2740,q0,158,1,0
2741,q0,158,1,0
2742,q0,158,1,0
2743,q0,158,1,0
2744,q0,158,1,0
2745,q0,158,1,0
2746,q0,158,1,0
2747,q0,158,1,0
2748,q0,158,1,0
2749,q0,157,1,0
2750,q0,157,1,0
2751,q0,157,1,0
2752,q0,157,1,0
2753,q0,157,1,0
2754,q0,157,1,0
2755,q0,157,1,0
2756,q0,157,1,0
2757,q0,157,1,0
2758,q0,157,1,0
2759,q0,156,1,0
2760,q0,156,1,0
2761,q0,156,1,0
2762,q0,156,1,0
2763,q0,156,1,0
2764,q0,156,1,0
2765,q0,156,1,0
2766,q0,156,1,0
2767,q0,156,1,0
2768,q0,156,1,0
2769,q0,155,1,0
2770,q0,155,1,0
2771,q0,155,1,0
2772,q0,155,1,0
2773,q0,155,1,0
2774,q0,155,1,0
2775,q0,155,1,0
2776,q0,155,1,0
2777,q0,155,1,0
2778,q0,155,1,0
2779,q0,154,1,0
2780,q0,154,1,0
2781,q0,154,1,0
2782,q0,154,1,0
2783,q0,154,1,0
2784,q0,154,1,0
2785,q0,154,1,0
2786,q0,154,1,0
2787,q0,154,1,0
2788,q0,154,1,0
2789,q0,153,1,0
2790,q0,153,1,0
2791,q0,153,1,0
2792,q0,153,1,0
2793,q0,153,1,0
2794,q0,153,1,0
2795,q0,153,1,0
2796,q0,153,1,0
2797,q0,153,1,0
2798,q0,153,1,0
2799,q0,152,1,0
2800,q0,152,1,0
2801,q0,152,1,0
2802,q0,152,1,0
2803,q0,152,1,0
2804,q0,152,1,0
2805,q0,152,1,0
2806,q0,152,1,0
2807,q0,152,1,0
2808,q0,152,1,0
2809,q0,151,1,0
2810,q0,151,1,0
2811,q0,151,1,0
2812,q0,151,1,0
2813,q0,151,1,0
2814,q0,151,1,0
2815,q0,151,1,0
2816,q0,151,1,0
2817,q0,151,1,0
2818,q0,151,1,0
2819,q0,150,1,0
2820,q0,150,1,0
2821,q0,150,1,0
2822,q0,150,1,0
2823,q0,150,1,0
2824,q0,150,1,0
2825,q0,150,1,0
2826,q0,150,1,0
2827,q0,150,1,0
2828,q0,150,1,0
2829,q0,149,1,0
2830,q0,149,1,0
2831,q0,149,1,0
2832,q0,149,1,0
2833,q0,149,1,0
2834,q0,149,1,0
2835,q0,149,1,0
2836,q0,149,1,0
2837,q0,149,1,0
2838,q0,149,1,0
2839,q0,148,1,0
2840,q0,148,1,0
2841,q0,148,1,0
2842,q0,148,1,0
2843,q0,148,1,0
2844,q0,148,1,0
2845,q0,148,1,0
2846,q0,148,1,0
2847,q0,148,1,0
2848,q0,148,1,0
2849,q0,147,1,0
2850,q0,147,1,0
2851,q0,147,1,0
2852,q0,147,1,0
2853,q0,147,1,0
2854,q0,147,1,0
2855,q0,147,1,0
2856,q0,147,1,0
2857,q0,147,1,0
2858,q0,147,1,0
2859,q0,146,1,0
2860,q0,146,1,0
2861,q0,146,1,0
2862,q0,146,1,0
2863,q0,146,1,0
2864,q0,146,1,0
2865,q0,146,1,0
2866,q0,146,1,0
2867,q0,146,1,0
2868,q0,146,1,0
2869,q0,145,1,0
2870,q0,145,1,0
2871,q0,145,1,0
2872,q0,145,1,0
2873,q0,145,1,0
2874,q0,145,1,0
2875,q0,145,1,0
2876,q0,145,1,0
2877,q0,145,1,0
2878,q0,145,1,0
2879,q0,144,1,0
2880,q0,144,1,0
2881,q0,144,1,0
2882,q0,144,1,0
2883,q0,144,1,0
2884,q0,144,1,0
2885,q0,144,1,0
2886,q0,144,1,0
2887,q0,144,1,0
2888,q0,144,1,0
2889,q0,143,1,0
2890,q0,143,1,0
2891,q0,143,1,0
2892,q0,143,1,0
2893,q0,143,1,0
2894,q0,143,1,0
2895,q0,143,1,0
2896,q0,143,1,0
2897,q0,143,1,0
2898,q0,143,1,0
2899,q0,142,1,0
2900,q0,142,1,0
2901,q0,142,1,0
2902,q0,142,1,0
2903,q0,142,1,0
2904,q0,142,1,0
2905,q0,142,1,0
2906,q0,142,1,0
2907,q0,142,1,0
2908,q0,142,1,0
2909,q0,141,1,0
2910,q0,141,1,0
2911,q0,141,1,0
2912,q0,141,1,0
2913,q0,141,1,0
2914,q0,141,1,0
2915,q0,141,1,0
2916,q0,141,1,0
2917,q0,141,1,0
2918,q0,141,1,0
2919,q0,140,1,0
2920,q0,140,1,0
2921,q0,140,1,0
2922,q0,140,1,0
2923,q0,140,1,0
2924,q0,140,1,0
2925,q0,140,1,0
2926,q0,140,1,0
2927,q0,140,1,0
2928,q0,140,1,0
2929,q0,139,1,0
2930,q0,139,1,0
2931,q0,139,1,0
2932,q0,139,1,0
2933,q0,139,1,0
2934,q0,139,1,0
2935,q0,139,1,0
2936,q0,139,1,0
2937,q0,139,1,0
2938,q0,139,1,0
2939,q0,138,1,0
2940,q0,138,1,0
2941,q0,138,1,0
2942,q0,138,1,0
2943,q0,138,1,0
2944,q0,138,1,0
2945,q0,138,1,0
2946,q0,138,1,0
2947,q0,138,1,0
2948,q0,138,1,0
2949,q0,137,1,0
2950,q0,137,1,0
2951,q0,137,1,0
2952,q0,137,1,0
2953,q0,137,1,0
2954,q0,137,1,0
2955,q0,137,1,0
2956,q0,137,1,0
2957,q0,137,1,0
2958,q0,137,1,0
2959,q0,136,1,0
2960,q0,136,1,0
2961,q0,136,1,0
2962,q0,136,1,0
2963,q0,136,1,0
2964,q0,136,1,0
2965,q0,136,1,0
2966,q0,136,1,0
2967,q0,136,1,0
2968,q0,136,1,0
2969,q0,135,1,0
2970,q0,135,1,0
2971,q0,135,1,0
2972,q0,135,1,0
2973,q0,135,1,0
2974,q0,135,1,0
2975,q0,135,1,0
2976,q0,135,1,0
2977,q0,135,1,0
2978,q0,135,1,0
2979,q0,134,1,0
2980,q0,134,1,0
2981,q0,134,1,0
2982,q0,134,1,0
2983,q0,134,1,0
2984,q0,134,1,0
2985,q0,134,1,0
2986,q0,134,1,0
2987,q0,134,1,0
2988,q0,134,1,0
2989,q0,133,1,0
2990,q0,133,1,0
2991,q0,133,1,0
2992,q0,133,1,0
2993,q0,133,1,0
2994,q0,133,1,0
2995,q0,133,1,0
2996,q0,133,1,0
2997,q0,133,1,0
2998,q0,133,1,0
2999,q0,132,1,0
3000,q0,132,1,0
3001,q0,132,1,0
3002,q0,132,1,0
3003,q0,132,1,0
3004,q0,132,1,0
3005,q0,132,1,0
3006,q0,132,1,0
3007,q0,132,1,0
3008,q0,132,1,0
3009,q0,131,1,0
3010,q0,131,1,0
3011,q0,131,1,0
3012,q0,131,1,0
3013,q0,131,1,0
3014,q0,131,1,0
3015,q0,131,1,0
3016,q0,131,1,0
3017,q0,131,1,0
3018,q0,131,1,0
3019,q0,130,1,0
3020,q0,130,1,0
3021,q0,130,1,0
3022,q0,130,1,0
3023,q0,130,1,0
3024,q0,130,1,0
3025,q0,130,1,0
3026,q0,130,1,0
3027,q0,130,1,0
3028,q0,130,1,0
3029,q0,129,1,0
3030,q0,129,1,0
3031,q0,129,1,0
3032,q0,129,1,0
3033,q0,129,1,0
3034,q0,129,1,0
3035,q0,129,1,0
3036,q0,129,1,0
3037,q0,129,1,0
3038,q0,129,1,0
3039,q0,128,1,0
3040,q0,128,1,0
3041,q0,128,1,0
3042,q0,128,1,0
3043,q0,128,1,0
3044,q0,128,1,0
3045,q0,128,1,0
3046,q0,128,1,0
3047,q0,128,1,0
3048,q0,128,1,0
3049,q0,127,1,0
3050,q0,127,1,0
3051,q0,127,1,0
3052,q0,127,1,0
3053,q0,127,1,0
3054,q0,127,1,0
3055,q0,127,1,0
3056,q0,127,1,0
3057,q0,127,1,0
3058,q0,127,1,0
3059,q0,126,1,0
3060,q0,126,1,0
3061,q0,126,1,0
3062,q0,126,1,0
3063,q0,126,1,0
3064,q0,126,1,0
3065,q0,126,1,0
3066,q0,126,1,0
3067,q0,126,1,0
3068,q0,126,1,0
3069,q0,125,1,0
3070,q0,125,1,0
3071,q0,125,1,0
3072,q0,125,1,0
3073,q0,125,1,0
3074,q0,125,1,0
3075,q0,125,1,0
3076,q0,125,1,0
3077,q0,125,1,0
3078,q0,125,1,0
3079,q0,124,1,0
3080,q0,124,1,0
3081,q0,124,1,0
3082,q0,124,1,0
3083,q0,124,1,0
3084,q0,124,1,0
3085,q0,124,1,0
3086,q0,124,1,0
3087,q0,124,1,0
3088,q0,124,1,0
3089,q0,123,1,0
3090,q0,123,1,0
3091,q0,123,1,0
3092,q0,123,1,0
3093,q0,123,1,0
3094,q0,123,1,0
3095,q0,123,1,0
3096,q0,123,1,0
3097,q0,123,1,0
3098,q0,123,1,0
3099,q0,122,1,0
3100,q0,122,1,0
3101,q0,122,1,0
3102,q0,122,1,0
3103,q0,122,1,0
3104,q0,122,1,0
3105,q0,122,1,0
3106,q0,122,1,0
3107,q0,122,1,0
3108,q0,122,1,0
3109,q0,121,1,0
3110,q0,121,1,0
3111,q0,121,1,0
3112,q0,121,1,0
3113,q0,121,1,0
3114,q0,121,1,0
3115,q0,121,1,0
3116,q0,121,1,0
3117,q0,121,1,0
3118,q0,121,1,0
3119,q0,120,1,0
3120,q0,120,1,0
3121,q0,120,1,0
3122,q0,120,1,0
3123,q0,120,1,0
3124,q0,120,1,0
3125,q0,120,1,0
3126,q0,120,1,0
3127,q0,120,1,0
3128,q0,120,1,0
3129,q0,119,1,0
3130,q0,119,1,0
3131,q0,119,1,0
3132,q0,119,1,0
3133,q0,119,1,0
3134,q0,119,1,0
3135,q0,119,1,0
3136,q0,119,1,0
3137,q0,119,1,0
3138,q0,119,1,0
3139,q0,118,1,0
3140,q0,118,1,0
3141,q0,118,1,0
3142,q0,118,1,0
3143,q0,118,1,0
3144,q0,118,1,0
3145,q0,118,1,0
3146,q0,118,1,0
3147,q0,118,1,0
3148,q0,118,1,0
3149,q0,117,1,0
3150,q0,117,1,0
3151,q0,117,1,0
3152,q0,117,1,0
3153,q0,117,1,0
3154,q0,117,1,0
3155,q0,117,1,0
3156,q0,117,1,0
3157,q0,117,1,0
3158,q0,117,1,0
3159,q0,116,1,0
3160,q0,116,1,0
3161,q0,116,1,0
3162,q0,116,1,0
3163,q0,116,1,0
3164,q0,116,1,0
3165,q0,116,1,0
3166,q0,116,1,0
3167,q0,116,1,0
3168,q0,116,1,0
3169,q0,115,1,0
3170,q0,115,1,0
3171,q0,115,1,0
3172,q0,115,1,0
3173,q0,115,1,0
3174,q0,115,1,0
3175,q0,115,1,0
3176,q0,115,1,0
3177,q0,115,1,0
3178,q0,115,1,0
3179,q0,114,1,0
3180,q0,114,1,0
3181,q0,114,1,0
3182,q0,114,1,0
3183,q0,114,1,0
3184,q0,114,1,0
3185,q0,114,1,0
3186,q0,114,1,0
3187,q0,114,1,0
3188,q0,114,1,0
3189,q0,113,1,0
3190,q0,113,1,0
3191,q0,113,1,0
3192,q0,113,1,0
3193,q0,113,1,0
3194,q0,113,1,0
3195,q0,113,1,0
3196,q0,113,1,0
3197,q0,113,1,0
3198,q0,113,1,0
3199,q0,112,1,0
3200,q0,112,1,0
3201,q0,112,1,0
3202,q0,112,1,0
3203,q0,112,1,0
3204,q0,112,1,0
3205,q0,112,1,0
3206,q0,112,1,0
3207,q0,112,1,0
3208,q0,112,1,0
3209,q0,111,1,0
3210,q0,111,1,0
3211,q0,111,1,0
3212,q0,111,1,0
3213,q0,111,1,0
3214,q0,111,1,0
3215,q0,111,1,0
3216,q0,111,1,0
3217,q0,111,1,0
3218,q0,111,1,0
3219,q0,110,1,0
3220,q0,110,1,0
3221,q0,110,1,0
3222,q0,110,1,0
3223,q0,110,1,0
3224,q0,110,1,0
3225,q0,110,1,0
3226,q0,110,1,0
3227,q0,110,1,0
3228,q0,110,1,0
3229,q0,109,1,0
3230,q0,109,1,0
3231,q0,109,1,0
3232,q0,109,1,0
3233,q0,109,1,0
3234,q0,109,1,0
3235,q0,109,1,0
3236,q0,109,1,0
3237,q0,109,1,0
3238,q0,109,1,0
3239,q0,108,1,0
3240,q0,108,1,0
3241,q0,108,1,0
3242,q0,108,1,0
3243,q0,108,1,0
3244,q0,108,1,0
3245,q0,108,1,0
3246,q0,108,1,0
3247,q0,108,1,0
3248,q0,108,1,0
3249,q0,107,1,0
3250,q0,107,1,0
3251,q0,107,1,0
3252,q0,107,1,0
3253,q0,107,1,0
3254,q0,107,1,0
3255,q0,107,1,0
3256,q0,107,1,0
3257,q0,107,1,0
3258,q0,107,1,0
3259,q0,106,1,0
3260,q0,106,1,0
3261,q0,106,1,0
3262,q0,106,1,0
3263,q0,106,1,0
3264,q0,106,1,0
3265,q0,106,1,0
3266,q0,106,1,0
3267,q0,106,1,0
3268,q0,106,1,0
3269,q0,105,1,0
3270,q0,105,1,0
3271,q0,105,1,0
3272,q0,105,1,0
3273,q0,105,1,0
3274,q0,105,1,0
3275,q0,105,1,0
3276,q0,105,1,0
3277,q0,105,1,0
3278,q0,105,1,0
3279,q0,104,1,0
3280,q0,104,1,0
3281,q0,104,1,0
3282,q0,104,1,0
3283,q0,104,1,0
3284,q0,104,1,0
3285,q0,104,1,0
3286,q0,104,1,0
3287,q0,104,1,0
3288,q0,104,1,0
3289,q0,103,1,0
3290,q0,103,1,0
3291,q0,103,1,0
3292,q0,103,1,0
3293,q0,103,1,0
3294,q0,103,1,0
3295,q0,103,1,0
3296,q0,103,1,0
3297,q0,103,1,0
3298,q0,103,1,0
3299,q0,102,1,0
3300,q0,102,1,0
3301,q0,102,1,0
3302,q0,102,1,0
3303,q0,102,1,0
3304,q0,102,1,0
3305,q0,102,1,0
3306,q0,102,1,0
3307,q0,102,1,0
3308,q0,102,1,0
3309,q0,101,1,0
3310,q0,101,1,0
3311,q0,101,1,0
3312,q0,101,1,0
3313,q0,101,1,0
3314,q0,101,1,0
3315,q0,101,1,0
3316,q0,101,1,0
3317,q0,101,1,0
3318,q0,101,1,0
3319,q0,100,1,0
3320,q0,100,1,0
3321,q0,100,1,0
3322,q0,100,1,0
3323,q0,100,1,0
3324,q0,100,1,0
3325,q0,100,1,0
3326,q0,100,1,0
3327,q0,100,1,0
3328,q0,100,1,0
3329,q0,99,1,0
3330,q0,99,1,0
3331,q0,99,1,0
3332,q0,99,1,0
3333,q0,99,1,0
3334,q0,99,1,0
3335,q0,99,1,0
3336,q0,99,1,0
3337,q0,99,1,0
3338,q0,99,1,0
3339,q0,98,1,0
3340,q0,98,1,0
3341,q0,98,1,0
3342,q0,98,1,0
3343,q0,98,1,0
3344,q0,98,1,0
3345,q0,98,1,0
3346,q0,98,1,0
3347,q0,98,1,0
3348,q0,98,1,0
3349,q0,97,1,0
3350,q0,97,1,0
3351,q0,97,1,0
3352,q0,97,1,0
3353,q0,97,1,0
3354,q0,97,1,0
3355,q0,97,1,0
3356,q0,97,1,0
3357,q0,97,1,0
3358,q0,97,1,0
3359,q0,96,1,0
3360,q0,96,1,0
3361,q0,96,1,0
3362,q0,96,1,0
3363,q0,96,1,0
3364,q0,96,1,0
3365,q0,96,1,0
3366,q0,96,1,0
3367,q0,96,1,0
3368,q0,96,1,0
3369,q0,95,1,0
3370,q0,95,1,0
3371,q0,95,1,0
3372,q0,95,1,0
3373,q0,95,1,0
3374,q0,95,1,0
3375,q0,95,1,0
3376,q0,95,1,0
3377,q0,95,1,0
3378,q0,95,1,0
3379,q0,94,1,0
3380,q0,94,1,0
3381,q0,94,1,0
3382,q0,94,1,0
3383,q0,94,1,0
3384,q0,94,1,0
3385,q0,94,1,0
3386,q0,94,1,0
3387,q0,94,1,0
3388,q0,94,1,0
3389,q0,93,1,0
3390,q0,93,1,0
3391,q0,93,1,0
3392,q0,93,1,0
3393,q0,93,1,0
3394,q0,93,1,0
3395,q0,93,1,0
3396,q0,93,1,0
3397,q0,93,1,0
3398,q0,93,1,0
3399,q0,92,1,0
3400,q0,92,1,0
3401,q0,92,1,0
3402,q0,92,1,0
3403,q0,92,1,0
3404,q0,92,1,0
3405,q0,92,1,0
3406,q0,92,1,0
3407,q0,92,1,0
3408,q0,92,1,0
3409,q0,91,1,0
3410,q0,91,1,0
3411,q0,91,1,0
3412,q0,91,1,0
3413,q0,91,1,0
3414,q0,91,1,0
3415,q0,91,1,0
3416,q0,91,1,0
3417,q0,91,1,0
3418,q0,91,1,0
3419,q0,90,1,0
3420,q0,90,1,0
3421,q0,90,1,0
3422,q0,90,1,0
3423,q0,90,1,0
3424,q0,90,1,0
3425,q0,90,1,0
3426,q0,90,1,0
3427,q0,90,1,0
3428,q0,90,1,0
3429,q0,89,1,0
3430,q0,89,1,0
3431,q0,89,1,0
3432,q0,89,1,0
3433,q0,89,1,0
3434,q0,89,1,0
3435,q0,89,1,0
3436,q0,89,1,0
3437,q0,89,1,0
3438,q0,89,1,0
3439,q0,88,1,0
3440,q0,88,1,0
3441,q0,88,1,0
3442,q0,88,1,0
3443,q0,88,1,0
3444,q0,88,1,0
3445,q0,88,1,0
3446,q0,88,1,0
3447,q0,88,1,0
3448,q0,88,1,0
3449,q0,87,1,0
3450,q0,87,1,0
3451,q0,87,1,0
3452,q0,87,1,0
3453,q0,87,1,0
3454,q0,87,1,0
3455,q0,87,1,0
3456,q0,87,1,0
3457,q0,87,1,0
3458,q0,87,1,0
3459,q0,86,1,0
3460,q0,86,1,0
3461,q0,86,1,0
3462,q0,86,1,0
3463,q0,86,1,0
3464,q0,86,1,0
3465,q0,86,1,0
3466,q0,86,1,0
3467,q0,86,1,0
3468,q0,86,1,0
3469,q0,85,1,0
3470,q0,85,1,0
3471,q0,85,1,0
3472,q0,85,1,0
3473,q0,85,1,0
3474,q0,85,1,0
3475,q0,85,1,0
3476,q0,85,1,0
3477,q0,85,1,0
3478,q0,85,1,0
3479,q0,84,1,0
3480,q0,84,1,0
3481,q0,84,1,0
3482,q0,84,1,0
3483,q0,84,1,0
3484,q0,84,1,0
3485,q0,84,1,0
3486,q0,84,1,0
3487,q0,84,1,0
3488,q0,84,1,0
3489,q0,83,1,0
3490,q0,83,1,0
3491,q0,83,1,0
3492,q0,83,1,0
3493,q0,83,1,0
3494,q0,83,1,0
3495,q0,83,1,0
3496,q0,83,1,0
3497,q0,83,1,0
3498,q0,83,1,0
3499,q0,82,1,0
3500,q0,82,1,0
3501,q0,82,1,0
3502,q0,82,1,0
3503,q0,82,1,0
3504,q0,82,1,0
3505,q0,82,1,0
3506,q0,82,1,0
3507,q0,82,1,0
3508,q0,82,1,0
3509,q0,81,1,0
3510,q0,81,1,0
3511,q0,81,1,0
3512,q0,81,1,0
3513,q0,81,1,0
3514,q0,81,1,0
3515,q0,81,1,0
3516,q0,81,1,0
3517,q0,81,1,0
3518,q0,81,1,0
3519,q0,80,1,0
3520,q0,80,1,0
3521,q0,80,1,0
3522,q0,80,1,0
3523,q0,80,1,0
3524,q0,80,1,0
3525,q0,80,1,0
3526,q0,80,1,0
3527,q0,80,1,0
3528,q0,80,1,0
3529,q0,79,1,0
3530,q0,79,1,0
3531,q0,79,1,0
3532,q0,79,1,0
3533,q0,79,1,0
3534,q0,79,1,0
3535,q0,79,1,0
3536,q0,79,1,0
3537,q0,79,1,0
3538,q0,79,1,0
3539,q0,78,1,0
3540,q0,78,1,0
3541,q0,78,1,0
3542,q0,78,1,0
3543,q0,78,1,0
3544,q0,78,1,0
3545,q0,78,1,0
3546,q0,78,1,0
3547,q0,78,1,0
3548,q0,78,1,0
3549,q0,77,1,0
3550,q0,77,1,0
3551,q0,77,1,0
3552,q0,77,1,0
3553,q0,77,1,0
3554,q0,77,1,0
3555,q0,77,1,0
3556,q0,77,1,0
3557,q0,77,1,0
3558,q0,77,1,0
3559,q0,76,1,0
3560,q0,76,1,0
3561,q0,76,1,0
3562,q0,76,1,0
3563,q0,76,1,0
3564,q0,76,1,0
3565,q0,76,1,0
3566,q0,76,1,0
3567,q0,76,1,0
3568,q0,76,1,0
3569,q0,75,1,0
3570,q0,75,1,0
3571,q0,75,1,0
3572,q0,75,1,0
3573,q0,75,1,0
3574,q0,75,1,0
3575,q0,75,1,0
3576,q0,75,1,0
3577,q0,75,1,0
3578,q0,75,1,0
3579,q0,74,1,0
3580,q0,74,1,0
3581,q0,74,1,0
3582,q0,74,1,0
3583,q0,74,1,0
3584,q0,74,1,0
3585,q0,74,1,0
3586,q0,74,1,0
3587,q0,74,1,0
3588,q0,74,1,0
3589,q0,73,1,0
3590,q0,73,1,0
3591,q0,73,1,0
3592,q0,73,1,0
3593,q0,73,1,0
3594,q0,73,1,0
3595,q0,73,1,0
3596,q0,73,1,0
3597,q0,73,1,0
3598,q0,73,1,0
3599,q0,72,1,0
3600,q0,72,1,0
3601,q0,72,1,0
3602,q0,72,1,0
3603,q0,72,1,0
3604,q0,72,1,0
3605,q0,72,1,0
3606,q0,72,1,0
3607,q0,72,1,0
3608,q0,72,1,0
3609,q0,71,1,0
3610,q0,71,1,0
3611,q0,71,1,0
3612,q0,71,1,0
3613,q0,71,1,0
3614,q0,71,1,0
3615,q0,71,1,0
3616,q0,71,1,0
3617,q0,71,1,0
3618,q0,71,1,0
3619,q0,70,1,0
3620,q0,70,1,0
3621,q0,70,1,0
3622,q0,70,1,0
3623,q0,70,1,0
3624,q0,70,1,0
3625,q0,70,1,0
3626,q0,70,1,0
3627,q0,70,1,0
3628,q0,70,1,0
3629,q0,69,1,0
3630,q0,69,1,0
3631,q0,69,1,0
3632,q0,69,1,0
3633,q0,69,1,0
3634,q0,69,1,0
3635,q0,69,1,0
3636,q0,69,1,0
3637,q0,69,1,0
3638,q0,69,1,0
3639,q0,68,1,0
3640,q0,68,1,0
3641,q0,68,1,0
3642,q0,68,1,0
3643,q0,68,1,0
3644,q0,68,1,0
3645,q0,68,1,0
3646,q0,68,1,0
3647,q0,68,1,0
3648,q0,68,1,0
3649,q0,67,1,0
3650,q0,67,1,0
3651,q0,67,1,0
3652,q0,67,1,0
3653,q0,67,1,0
3654,q0,67,1,0
3655,q0,67,1,0
3656,q0,67,1,0
3657,q0,67,1,0
3658,q0,67,1,0
3659,q0,66,1,0
3660,q0,66,1,0
3661,q0,66,1,0
3662,q0,66,1,0
3663,q0,66,1,0
3664,q0,66,1,0
3665,q0,66,1,0
3666,q0,66,1,0
3667,q0,66,1,0
3668,q0,66,1,0
3669,q0,65,1,0
3670,q0,65,1,0
3671,q0,65,1,0
3672,q0,65,1,0
3673,q0,65,1,0
3674,q0,65,1,0
3675,q0,65,1,0
3676,q0,65,1,0
3677,q0,65,1,0
3678,q0,65,1,0
3679,q0,64,1,0
3680,q0,64,1,0
3681,q0,64,1,0
3682,q0,64,1,0
3683,q0,64,1,0
3684,q0,64,1,0
3685,q0,64,1,0
3686,q0,64,1,0
3687,q0,64,1,0
3688,q0,64,1,0
3689,q0,63,1,0
3690,q0,63,1,0
3691,q0,63,1,0
3692,q0,63,1,0
3693,q0,63,1,0
3694,q0,63,1,0
3695,q0,63,1,0
3696,q0,63,1,0
3697,q0,63,1,0
3698,q0,63,1,0
3699,q0,62,1,0
3700,q0,62,1,0
3701,q0,62,1,0
3702,q0,62,1,0
3703,q0,62,1,0
3704,q0,62,1,0
3705,q0,62,1,0
3706,q0,62,1,0
3707,q0,62,1,0
3708,q0,62,1,0
3709,q0,61,1,0
3710,q0,61,1,0
3711,q0,61,1,0
3712,q0,61,1,0
3713,q0,61,1,0
3714,q0,61,1,0
3715,q0,61,1,0
3716,q0,61,1,0
3717,q0,61,1,0
3718,q0,61,1,0
3719,q0,60,1,0
3720,q0,60,1,0
3721,q0,60,1,0
3722,q0,60,1,0
3723,q0,60,1,0
3724,q0,60,1,0
3725,q0,60,1,0
3726,q0,60,1,0
3727,q0,60,1,0
3728,q0,60,1,0
3729,q0,59,1,0
3730,q0,59,1,0
3731,q0,59,1,0
3732,q0,59,1,0
3733,q0,59,1,0
3734,q0,59,1,0
3735,q0,59,1,0
3736,q0,59,1,0
3737,q0,59,1,0
3738,q0,59,1,0
3739,q0,58,1,0
3740,q0,58,1,0
3741,q0,58,1,0
3742,q0,58,1,0
3743,q0,58,1,0
3744,q0,58,1,0
3745,q0,58,1,0
3746,q0,58,1,0
3747,q0,58,1,0
3748,q0,58,1,0
3749,q0,57,1,0
3750,q0,57,1,0
3751,q0,57,1,0
3752,q0,57,1,0
3753,q0,57,1,0
3754,q0,57,1,0
3755,q0,57,1,0
3756,q0,57,1,0
3757,q0,57,1,0
3758,q0,57,1,0
3759,q0,56,1,0
3760,q0,56,1,0
3761,q0,56,1,0
3762,q0,56,1,0
3763,q0,56,1,0
3764,q0,56,1,0
3765,q0,56,1,0
3766,q0,56,1,0
3767,q0,56,1,0
3768,q0,56,1,0
3769,q0,55,1,0
3770,q0,55,1,0
3771,q0,55,1,0
3772,q0,55,1,0
3773,q0,55,1,0
3774,q0,55,1,0
3775,q0,55,1,0
3776,q0,55,1,0
3777,q0,55,1,0
3778,q0,55,1,0
3779,q0,54,1,0
3780,q0,54,1,0
3781,q0,54,1,0
3782,q0,54,1,0
3783,q0,54,1,0
3784,q0,54,1,0
3785,q0,54,1,0
3786,q0,54,1,0
3787,q0,54,1,0
3788,q0,54,1,0
3789,q0,53,1,0
3790,q0,53,1,0
3791,q0,53,1,0
3792,q0,53,1,0
3793,q0,53,1,0
3794,q0,53,1,0
3795,q0,53,1,0
3796,q0,53,1,0
3797,q0,53,1,0
3798,q0,53,1,0
3799,q0,52,1,0
3800,q0,52,1,0
3801,q0,52,1,0
3802,q0,52,1,0
3803,q0,52,1,0
3804,q0,52,1,0
3805,q0,52,1,0
3806,q0,52,1,0
3807,q0,52,1,0
3808,q0,52,1,0
3809,q0,51,1,0
3810,q0,51,1,0
3811,q0,51,1,0
3812,q0,51,1,0
3813,q0,51,1,0
3814,q0,51,1,0
3815,q0,51,1,0
3816,q0,51,1,0
3817,q0,51,1,0
3818,q0,51,1,0
3819,q0,50,1,0
3820,q0,50,1,0
3821,q0,50,1,0
3822,q0,50,1,0
3823,q0,50,1,0
3824,q0,50,1,0
3825,q0,50,1,0
3826,q0,50,1,0
3827,q0,50,1,0
3828,q0,50,1,0
3829,q0,49,1,0
3830,q0,49,1,0
3831,q0,49,1,0
3832,q0,49,1,0
3833,q0,49,1,0
3834,q0,49,1,0
3835,q0,49,1,0
3836,q0,49,1,0
3837,q0,49,1,0
3838,q0,49,1,0
3839,q0,48,1,0
3840,q0,48,1,0
3841,q0,48,1,0
3842,q0,48,1,0
3843,q0,48,1,0
3844,q0,48,1,0
3845,q0,48,1,0
3846,q0,48,1,0
3847,q0,48,1,0
3848,q0,48,1,0
3849,q0,47,1,0
3850,q0,47,1,0
3851,q0,47,1,0
3852,q0,47,1,0
3853,q0,47,1,0
3854,q0,47,1,0
3855,q0,47,1,0
3856,q0,47,1,0
3857,q0,47,1,0
3858,q0,47,1,0
3859,q0,46,1,0
3860,q0,46,1,0
3861,q0,46,1,0
3862,q0,46,1,0
3863,q0,46,1,0
3864,q0,46,1,0
3865,q0,46,1,0
3866,q0,46,1,0
3867,q0,46,1,0
3868,q0,46,1,0
3869,q0,45,1,0
3870,q0,45,1,0
3871,q0,45,1,0
3872,q0,45,1,0
3873,q0,45,1,0
3874,q0,45,1,0
3875,q0,45,1,0
3876,q0,45,1,0
3877,q0,45,1,0
3878,q0,45,1,0
3879,q0,44,1,0
3880,q0,44,1,0
3881,q0,44,1,0
3882,q0,44,1,0
3883,q0,44,1,0
3884,q0,44,1,0
3885,q0,44,1,0
3886,q0,44,1,0
3887,q0,44,1,0
3888,q0,44,1,0
3889,q0,43,1,0
3890,q0,43,1,0
3891,q0,43,1,0
3892,q0,43,1,0
3893,q0,43,1,0
3894,q0,43,1,0
3895,q0,43,1,0
3896,q0,43,1,0
3897,q0,43,1,0
3898,q0,43,1,0
3899,q0,42,1,0
3900,q0,42,1,0
3901,q0,42,1,0
3902,q0,42,1,0
3903,q0,42,1,0
3904,q0,42,1,0
3905,q0,42,1,0
3906,q0,42,1,0
3907,q0,42,1,0
3908,q0,42,1,0
3909,q0,41,1,0
3910,q0,41,1,0
3911,q0,41,1,0
3912,q0,41,1,0
3913,q0,41,1,0
3914,q0,41,1,0
3915,q0,41,1,0
3916,q0,41,1,0
3917,q0,41,1,0
3918,q0,41,1,0
3919,q0,40,1,0
3920,q0,40,1,0
3921,q0,40,1,0
3922,q0,40,1,0
3923,q0,40,1,0
3924,q0,40,1,0
3925,q0,40,1,0
3926,q0,40,1,0
3927,q0,40,1,0
3928,q0,40,1,0
3929,q0,39,1,0
3930,q0,39,1,0
3931,q0,39,1,0
3932,q0,39,1,0
3933,q0,39,1,0
3934,q0,39,1,0
3935,q0,39,1,0
3936,q0,39,1,0
3937,q0,39,1,0
3938,q0,39,1,0
3939,q0,38,1,0
3940,q0,38,1,0
3941,q0,38,1,0
3942,q0,38,1,0
3943,q0,38,1,0
3944,q0,38,1,0
3945,q0,38,1,0
3946,q0,38,1,0
3947,q0,38,1,0
3948,q0,38,1,0
3949,q0,37,1,0
3950,q0,37,1,0
3951,q0,37,1,0
3952,q0,37,1,0
3953,q0,37,1,0
3954,q0,37,1,0
3955,q0,37,1,0
3956,q0,37,1,0
3957,q0,37,1,0
3958,q0,37,1,0
3959,q0,36,1,0
3960,q0,36,1,0
3961,q0,36,1,0
3962,q0,36,1,0
3963,q0,36,1,0
3964,q0,36,1,0
3965,q0,36,1,0
3966,q0,36,1,0
3967,q0,36,1,0
3968,q0,36,1,0
3969,q0,35,1,0
3970,q0,35,1,0
3971,q0,35,1,0
3972,q0,35,1,0
3973,q0,35,1,0
3974,q0,35,1,0
3975,q0,35,1,0
3976,q0,35,1,0
3977,q0,35,1,0
3978,q0,35,1,0
3979,q0,34,1,0
3980,q0,34,1,0
3981,q0,34,1,0
3982,q0,34,1,0
3983,q0,34,1,0
3984,q0,34,1,0
3985,q0,34,1,0
3986,q0,34,1,0
3987,q0,34,1,0
3988,q0,34,1,0
3989,q0,33,1,0
3990,q0,33,1,0
3991,q0,33,1,0
3992,q0,33,1,0
3993,q0,33,1,0
3994,q0,33,1,0
3995,q0,33,1,0
3996,q0,33,1,0
3997,q0,33,1,0
3998,q0,33,1,0
3999,q0,32,1,0
4000,q0,32,1,0
4001,q0,32,1,0
4002,q0,32,1,0
4003,q0,32,1,0
4004,q0,32,1,0
4005,q0,32,1,0
4006,q0,32,1,0
4007,q0,32,1,0
4008,q0,32,1,0
4009,q0,31,1,0
4010,q0,31,1,0
4011,q0,31,1,0
4012,q0,31,1,0
4013,q0,31,1,0
4014,q0,31,1,0
4015,q0,31,1,0
4016,q0,31,1,0
4017,q0,31,1,0
4018,q0,31,1,0
4019,q0,30,1,0
4020,q0,30,1,0
4021,q0,30,1,0
4022,q0,30,1,0
4023,q0,30,1,0
4024,q0,30,1,0
4025,q0,30,1,0
4026,q0,30,1,0
4027,q0,30,1,0
4028,q0,30,1,0
4029,q0,29,1,0
4030,q0,29,1,0
4031,q0,29,1,0
4032,q0,29,1,0
4033,q0,29,1,0
4034,q0,29,1,0
4035,q0,29,1,0
4036,q0,29,1,0
4037,q0,29,1,0
4038,q0,29,1,0
4039,q0,28,1,0
4040,q0,28,1,0
4041,q0,28,1,0
4042,q0,28,1,0
4043,q0,28,1,0
4044,q0,28,1,0
4045,q0,28,1,0
4046,q0,28,1,0
4047,q0,28,1,0
4048,q0,28,1,0
4049,q0,27,1,0
4050,q0,27,1,0
4051,q0,27,1,0
4052,q0,27,1,0
4053,q0,27,1,0
4054,q0,27,1,0
4055,q0,27,1,0
4056,q0,27,1,0
4057,q0,27,1,0
4058,q0,27,1,0
4059,q0,26,1,0
4060,q0,26,1,0
4061,q0,26,1,0
4062,q0,26,1,0
4063,q0,26,1,0
4064,q0,26,1,0
4065,q0,26,1,0
4066,q0,26,1,0
4067,q0,26,1,0
4068,q0,26,1,0
4069,q0,25,1,0
4070,q0,25,1,0
4071,q0,25,1,0
4072,q0,25,1,0
4073,q0,25,1,0
4074,q0,25,1,0
4075,q0,25,1,0
4076,q0,25,1,0
4077,q0,25,1,0
4078,q0,25,1,0
4079,q0,24,1,0
4080,q0,24,1,0
4081,q0,24,1,0
4082,q0,24,1,0
4083,q0,24,1,0
4084,q0,24,1,0
4085,q0,24,1,0
4086,q0,24,1,0
4087,q0,24,1,0
4088,q0,24,1,0
4089,q0,23,1,0
4090,q0,23,1,0
4091,q0,23,1,0
4092,q0,23,1,0
4093,q0,23,1,0
4094,q0,23,1,0
4095,q0,23,1,0
4096,q0,23,1,0
4097,q0,23,1,0
4098,q0,23,1,0
4099,q0,22,1,0
4100,q0,22,1,0
4101,q0,22,1,0
4102,q0,22,1,0
4103,q0,22,1,0
4104,q0,22,1,0
4105,q0,22,1,0
4106,q0,22,1,0
4107,q0,22,1,0
4108,q0,22,1,0
4109,q0,21,1,0
4110,q0,21,1,0
4111,q0,21,1,0
4112,q0,21,1,0
4113,q0,21,1,0
4114,q0,21,1,0
4115,q0,21,1,0
4116,q0,21,1,0
4117,q0,21,1,0
4118,q0,21,1,0
4119,q0,20,1,0
4120,q0,20,1,0
4121,q0,20,1,0
4122,q0,20,1,0
4123,q0,20,1,0
4124,q0,20,1,0
4125,q0,20,1,0
4126,q0,20,1,0
4127,q0,20,1,0
4128,q0,20,1,0
4129,q0,19,1,0
4130,q0,19,1,0
4131,q0,19,1,0
4132,q0,19,1,0
4133,q0,19,1,0
4134,q0,19,1,0
4135,q0,19,1,0
4136,q0,19,1,0
4137,q0,19,1,0
4138,q0,19,1,0
4139,q0,18,1,0
4140,q0,18,1,0
4141,q0,18,1,0
4142,q0,18,1,0
4143,q0,18,1,0
4144,q0,18,1,0
4145,q0,18,1,0
4146,q0,18,1,0
4147,q0,18,1,0
4148,q0,18,1,0
4149,q0,17,1,0
4150,q0,17,1,0
4151,q0,17,1,0
4152,q0,17,1,0
4153,q0,17,1,0
4154,q0,17,1,0
4155,q0,17,1,0
4156,q0,17,1,0
4157,q0,17,1,0
4158,q0,17,1,0
4159,q0,16,1,0
4160,q0,16,1,0
4161,q0,16,1,0
4162,q0,16,1,0
4163,q0,16,1,0
4164,q0,16,1,0
4165,q0,16,1,0
4166,q0,16,1,0
4167,q0,16,1,0
4168,q0,16,1,0
4169,q0,15,1,0
4170,q0,15,1,0
4171,q0,15,1,0
4172,q0,15,1,0
4173,q0,15,1,0
4174,q0,15,1,0
4175,q0,15,1,0
4176,q0,15,1,0
4177,q0,15,1,0
4178,q0,15,1,0
4179,q0,14,1,0
4180,q0,14,1,0
4181,q0,14,1,0
4182,q0,14,1,0
4183,q0,14,1,0
4184,q0,14,1,0
4185,q0,14,1,0
4186,q0,14,1,0
4187,q0,14,1,0
4188,q0,14,1,0
4189,q0,13,1,0
4190,q0,13,1,0
4191,q0,13,1,0
4192,q0,13,1,0
4193,q0,13,1,0
4194,q0,13,1,0
4195,q0,13,1,0
4196,q0,13,1,0
4197,q0,13,1,0
4198,q0,13,1,0
4199,q0,12,1,0
4200,q0,12,1,0
4201,q0,12,1,0
4202,q0,12,1,0
4203,q0,12,1,0
4204,q0,12,1,0
4205,q0,12,1,0
4206,q0,12,1,0
4207,q0,12,1,0
4208,q0,12,1,0
4209,q0,11,1,0
4210,q0,11,1,0
4211,q0,11,1,0
4212,q0,11,1,0
4213,q0,11,1,0
4214,q0,11,1,0
4215,q0,11,1,0
4216,q0,11,1,0
4217,q0,11,1,0
4218,q0,11,1,0
4219,q0,10,1,0
4220,q0,10,1,0
4221,q0,10,1,0
4222,q0,10,1,0
4223,q0,10,1,0
4224,q0,10,1,0
4225,q0,10,1,0
4226,q0,10,1,0
4227,q0,10,1,0
4228,q0,10,1,0
4229,q0,9,1,0
4230,q0,9,1,0
4231,q0,9,1,0
4232,q0,9,1,0
4233,q0,9,1,0
4234,q0,9,1,0
4235,q0,9,1,0
4236,q0,9,1,0
4237,q0,9,1,0
4238,q0,9,1,0
4239,q0,8,1,0
4240,q0,8,1,0
4241,q0,8,1,0
4242,q0,8,1,0
4243,q0,8,1,0
4244,q0,8,1,0
4245,q0,8,1,0
4246,q0,8,1,0
4247,q0,8,1,0
4248,q0,8,1,0
4249,q0,7,1,0
4250,q0,7,1,0
4251,q0,7,1,0
4252,q0,7,1,0
4253,q0,7,1,0
4254,q0,7,1,0
4255,q0,7,1,0
4256,q0,7,1,0
4257,q0,7,1,0
4258,q0,7,1,0
4259,q0,6,1,0
4260,q0,6,1,0
4261,q0,6,1,0
4262,q0,6,1,0
4263,q0,6,1,0
4264,q0,6,1,0
4265,q0,6,1,0
4266,q0,6,1,0
4267,q0,6,1,0
4268,q0,6,1,0
4269,q0,5,1,0
4270,q0,5,1,0
4271,q0,5,1,0
4272,q0,5,1,0
4273,q0,5,1,0
4274,q0,5,1,0
4275,q0,5,1,0
4276,q0,5,1,0
4277,q0,5,1,0
4278,q0,5,1,0
4279,q0,4,1,0
4280,q0,4,1,0
4281,q0,4,1,0
4282,q0,4,1,0
4283,q0,4,1,0
4284,q0,4,1,0
4285,q0,4,1,0
4286,q0,4,1,0
4287,q0,4,1,0
4288,q0,4,1,0
4289,q0,3,1,0
4290,q0,3,1,0
4291,q0,3,1,0
4292,q0,3,1,0
4293,q0,3,1,0
4294,q0,3,1,0
4295,q0,3,1,0
4296,q0,3,1,0
4297,q0,3,1,0
4298,q0,3,1,0
4299,q0,2,1,0
4300,q0,2,1,0
4301,q0,2,1,0
4302,q0,2,1,0
4303,q0,2,1,0
4304,q0,2,1,0
4305,q0,2,1,0
4306,q0,2,1,0
4307,q0,2,1,0
4308,q0,2,1,0
4309,q0,1,1,0
4310,q0,1,1,0
4311,q0,1,1,0
4312,q0,1,1,0
4313,q0,1,1,0
4314,q0,1,1,0
4315,q0,1,1,0
4316,q0,1,1,0
4317,q0,1,1,0
4318,q0,1,1,0
4319,q0,0,1,0
4320,q0,0,1,0
4321,q0,0,1,0
4322,q0,0,1,0
4323,q0,0,1,0
4324,q0,0,1,0
4325,q0,0,1,0
4326,q0,0,1,0
4327,q0,0,1,0
4328,q0,0,1,0
4329,q0,0,0,0
4330,q0,0,0,0
4331,q0,0,0,0
4332,q0,0,0,0
4333,q0,0,0,0
4334,q0,0,0,0
4335,q0,0,0,0
4336,q0,0,0,0
4337,q0,0,0,0
4338,q0,0,0,0
4339,q0,0,0,0
4340,q0,0,0,0
4341,q0,0,0,0
4342,q0,0,0,0
4343,q0,0,0,0
4344,q0,0,0,0
4345,q0,0,0,0
4346,q0,0,0,0
4347,q0,0,0,0
4348,q0,0,0,0
4349,q0,0,0,0
4350,q0,0,0,0
4351,q0,0,0,0
4352,q0,0,0,0
4353,q0,0,0,0
4354,q0,0,0,0
4355,q0,0,0,0
4356,q0,0,0,0
4357,q0,0,0,0
4358,q0,0,0,0
4359,q0,0,0,0
4360,q0,0,0,0
4361,q0,0,0,0
4362,q0,0,0,0
4363,q0,0,0,0
4364,q0,0,0,0
4365,q0,0,0,0
4366,q0,0,0,0
4367,q0,0,0,0
4368,q0,0,0,0
4369,q0,0,0,0
4370,q0,0,0,0
4371,q0,0,0,0
4372,q0,0,0,0
4373,q0,0,0,0
4374,q0,0,0,0
4375,q0,0,0,0
4376,q0,0,0,0
4377,q0,0,0,0
4378,q0,0,0,0
4379,q0,0,0,0
4380,q0,0,0,0
4381,q0,0,0,0
4382,q0,0,0,0
4383,q0,0,0,0
4384,q0,0,0,0
4385,q0,0,0,0
4386,q0,0,0,0
4387,q0,0,0,0
4388,q0,0,0,0
4389,q0,0,0,0
4390,q0,0,0,0
4391,q0,0,0,0
4392,q0,0,0,0
4393,q0,0,0,0
4394,q0,0,0,0
4395,q0,0,0,0
4396,q0,0,0,0
4397,q0,0,0,0
4398,q0,0,0,0
4399,q0,0,0,0
4400,q0,0,0,0
4401,q0,0,0,0
4402,q0,0,0,0
4403,q0,0,0,0
4404,q0,0,0,0
4405,q0,0,0,0
4406,q0,0,0,0
4407,q0,0,0,0
4408,q0,0,0,0
4409,q0,0,0,0
4410,q0,0,0,0
4411,q0,0,0,0
4412,q0,0,0,0
4413,q0,0,0,0
4414,q0,0,0,0
4415,q0,0,0,0
4416,q0,0,0,0
4417,q0,0,0,0
4418,q0,0,0,0
4419,q0,0,0,0
4420,q0,0,0,0
4421,q0,0,0,0
4422,q0,0,0,0
4423,q0,0,0,0
4424,q0,0,0,0
4425,q0,0,0,0
4426,q0,0,0,0
4427,q0,0,0,0
4428,q0,0,0,0
4429,q0,0,0,0
4430,q0,0,0,0
4431,q0,0,0,0
4432,q0,0,0,0
4433,q0,0,0,0
4434,q0,0,0,0
4435,q0,0,0,0
4436,q0,0,0,0
4437,q0,0,0,0
4438,q0,0,0,0
4439,q0,0,0,0
4440,q0,0,0,0
4441,q0,0,0,0
4442,q0,0,0,0
4443,q0,0,0,0
4444,q0,0,0,0
4445,q0,0,0,0
4446,q0,0,0,0
4447,q0,0,0,0
4448,q0,0,0,0
4449,q0,0,0,0
4450,q0,0,0,0
4451,q0,0,0,0
4452,q0,0,0,0
4453,q0,0,0,0
4454,q0,0,0,0
4455,q0,0,0,0
4456,q0,0,0,0
4457,q0,0,0,0
4458,q0,0,0,0
4459,q0,0,0,0
4460,q0,0,0,0
4461,q0,0,0,0
4462,q0,0,0,0
4463,q0,0,0,0
4464,q0,0,0,0
4465,q0,0,0,0
4466,q0,0,0,0
4467,q0,0,0,0
4468,q0,0,0,0
4469,q0,0,0,0
4470,q0,0,0,0
4471,q0,0,0,0
4472,q0,0,0,0
4473,q0,0,0,0
4474,q0,0,0,0
4475,q0,0,0,0
4476,q0,0,0,0
4477,q0,0,0,0
4478,q0,0,0,0
4479,q0,0,0,0
4480,q0,0,0,0
4481,q0,0,0,0
4482,q0,0,0,0
4483,q0,0,0,0
4484,q0,0,0,0
4485,q0,0,0,0
4486,q0,0,0,0
4487,q0,0,0,0
4488,q0,0,0,0
4489,q0,0,0,0
4490,q0,0,0,0
4491,q0,0,0,0
4492,q0,0,0,0
4493,q0,0,0,0
4494,q0,0,0,0
4495,q0,0,0,0
4496,q0,0,0,0
4497,q0,0,0,0
4498,q0,0,0,0
4499,q0,0,0,0
4500,q0,0,0,0
4501,q0,0,0,0
4502,q0,0,0,0
4503,q0,0,0,0
4504,q0,0,0,0
4505,q0,0,0,0
4506,q0,0,0,0
4507,q0,0,0,0
4508,q0,0,0,0
4509,q0,0,0,0
4510,q0,0,0,0
4511,q0,0,0,0
4512,q0,0,0,0
4513,q0,0,0,0
4514,q0,0,0,0
4515,q0,0,0,0
4516,q0,0,0,0
4517,q0,0,0,0
4518,q0,0,0,0
4519,q0,0,0,0
4520,q0,0,0,0
4521,q0,0,0,0
4522,q0,0,0,0
4523,q0,0,0,0
4524,q0,0,0,0
4525,q0,0,0,0
4526,q0,0,0,0
4527,q0,0,0,0
4528,q0,0,0,0
4529,q0,0,0,0
4530,q0,0,0,0
4531,q0,0,0,0
4532,q0,0,0,0
4533,q0,0,0,0
4534,q0,0,0,0
4535,q0,0,0,0
4536,q0,0,0,0
4537,q0,0,0,0
4538,q0,0,0,0
4539,q0,0,0,0
4540,q0,0,0,0
4541,q0,0,0,0
4542,q0,0,0,0
4543,q0,0,0,0
4544,q0,0,0,0
4545,q0,0,0,0
4546,q0,0,0,0
4547,q0,0,0,0
4548,q0,0,0,0
4549,q0,0,0,0
4550,q0,0,0,0
4551,q0,0,0,0
4552,q0,0,0,0
4553,q0,0,0,0
4554,q0,0,0,0
4555,q0,0,0,0
4556,q0,0,0,0
4557,q0,0,0,0
4558,q0,0,0,0
4559,q0,0,0,0
4560,q0,0,0,0
4561,q0,0,0,0
4562,q0,0,0,0
4563,q0,0,0,0
4564,q0,0,0,0
4565,q0,0,0,0
4566,q0,0,0,0
4567,q0,0,0,0
4568,q0,0,0,0
4569,q0,0,0,0
4570,q0,0,0,0
4571,q0,0,0,0
4572,q0,0,0,0
4573,q0,0,0,0
4574,q0,0,0,0
4575,q0,0,0,0
4576,q0,0,0,0
4577,q0,0,0,0
4578,q0,0,0,0
4579,q0,0,0,0
4580,q0,0,0,0
4581,q0,0,0,0
4582,q0,0,0,0
4583,q0,0,0,0
4584,q0,0,0,0
4585,q0,0,0,0
4586,q0,0,0,0
4587,q0,0,0,0
4588,q0,0,0,0
4589,q0,0,0,0
4590,q0,0,0,0
4591,q0,0,0,0
4592,q0,0,0,0
4593,q0,0,0,0
4594,q0,0,0,0
4595,q0,0,0,0
4596,q0,0,0,0
4597,q0,0,0,0
4598,q0,0,0,0
4599,q0,0,0,0
4600,q0,0,0,0
4601,q0,0,0,0
4602,q0,0,0,0
4603,q0,0,0,0
4604,q0,0,0,0
4605,q0,0,0,0
4606,q0,0,0,0
4607,q0,0,0,0
4608,q0,0,0,0
4609,q0,0,0,0
4610,q0,0,0,0
4611,q0,0,0,0
4612,q0,0,0,0
4613,q0,0,0,0
4614,q0,0,0,0
4615,q0,0,0,0
4616,q0,0,0,0
4617,q0,0,0,0
4618,q0,0,0,0
4619,q0,0,0,0
4620,q0,0,0,0
4621,q0,0,0,0
4622,q0,0,0,0
4623,q0,0,0,0
4624,q0,0,0,0
4625,q0,0,0,0
4626,q0,0,0,0
4627,q0,0,0,0
4628,q0,0,0,0
4629,q0,0,0,0
4630,q0,0,0,0
4631,q0,0,0,0
4632,q0,0,0,0
4633,q0,0,0,0
4634,q0,0,0,0
4635,q0,0,0,0
4636,q0,0,0,0
4637,q0,0,0,0
4638,q0,0,0,0
4639,q0,0,0,0
4640,q0,0,0,0
4641,q0,0,0,0
4642,q0,0,0,0
4643,q0,0,0,0
4644,q0,0,0,0
4645,q0,0,0,0
4646,q0,0,0,0
4647,q0,0,0,0
4648,q0,0,0,0
4649,q0,0,0,0
4650,q0,0,0,0
4651,q0,0,0,0
4652,q0,0,0,0
4653,q0,0,0,0
4654,q0,0,0,0
4655,q0,0,0,0
4656,q0,0,0,0
4657,q0,0,0,0
4658,q0,0,0,0
4659,q0,0,0,0
4660,q0,0,0,0
4661,q0,0,0,0
4662,q0,0,0,0
4663,q0,0,0,0
4664,q0,0,0,0
4665,q0,0,0,0
4666,q0,0,0,0
4667,q0,0,0,0
4668,q0,0,0,0
4669,q0,0,0,0
4670,q0,0,0,0
4671,q0,0,0,0
4672,q0,0,0,0
4673,q0,0,0,0
4674,q0,0,0,0
4675,q0,0,0,0
4676,q0,0,0,0
4677,q0,0,0,0
4678,q0,0,0,0
4679,q0,0,0,0
4680,q0,0,0,0
4681,q0,0,0,0
4682,q0,0,0,0
4683,q0,0,0,0
4684,q0,0,0,0
4685,q0,0,0,0
4686,q0,0,0,0
4687,q0,0,0,0
4688,q0,0,0,0
4689,q0,0,0,0
4690,q0,0,0,0
4691,q0,0,0,0
4692,q0,0,0,0
4693,q0,0,0,0
4694,q0,0,0,0
4695,q0,0,0,0
4696,q0,0,0,0
4697,q0,0,0,0
4698,q0,0,0,0
4699,q0,0,0,0
4700,q0,0,0,0
4701,q0,0,0,0
4702,q0,0,0,0
4703,q0,0,0,0
4704,q0,0,0,0
4705,q0,0,0,0
4706,q0,0,0,0
4707,q0,0,0,0
4708,q0,0,0,0
4709,q0,0,0,0
4710,q0,0,0,0
4711,q0,0,0,0
4712,q0,0,0,0
4713,q0,0,0,0
4714,q0,0,0,0
4715,q0,0,0,0
4716,q0,0,0,0
4717,q0,0,0,0
4718,q0,0,0,0
4719,q0,0,0,0
4720,q0,0,0,0
4721,q0,0,0,0
4722,q0,0,0,0
4723,q0,0,0,0
4724,q0,0,0,0
4725,q0,0,0,0
4726,q0,0,0,0
4727,q0,0,0,0
4728,q0,0,0,0
4729,q0,0,0,0
4730,q0,0,0,0
4731,q0,0,0,0
4732,q0,0,0,0
4733,q0,0,0,0
4734,q0,0,0,0
4735,q0,0,0,0
4736,q0,0,0,0
4737,q0,0,0,0
4738,q0,0,0,0
4739,q0,0,0,0
4740,q0,0,0,0
4741,q0,0,0,0
4742,q0,0,0,0
4743,q0,0,0,0
4744,q0,0,0,0
4745,q0,0,0,0
4746,q0,0,0,0
4747,q0,0,0,0
4748,q0,0,0,0
4749,q0,0,0,0
4750,q0,0,0,0
4751,q0,0,0,0
4752,q0,0,0,0
4753,q0,0,0,0
4754,q0,0,0,0
4755,q0,0,0,0
4756,q0,0,0,0
4757,q0,0,0,0
4758,q0,0,0,0
4759,q0,0,0,0
4760,q0,0,0,0
4761,q0,0,0,0
4762,q0,0,0,0
4763,q0,0,0,0
4764,q0,0,0,0
4765,q0,0,0,0
4766,q0,0,0,0
4767,q0,0,0,0
4768,q0,0,0,0
4769,q0,0,0,0
4770,q0,0,0,0
4771,q0,0,0,0
4772,q0,0,0,0
4773,q0,0,0,0
4774,q0,0,0,0
4775,q0,0,0,0
4776,q0,0,0,0
4777,q0,0,0,0
4778,q0,0,0,0
4779,q0,0,0,0
4780,q0,0,0,0
4781,q0,0,0,0
4782,q0,0,0,0
4783,q0,0,0,0
4784,q0,0,0,0
4785,q0,0,0,0
4786,q0,0,0,0
4787,q0,0,0,0
4788,q0,0,0,0
4789,q0,0,0,0
4790,q0,0,0,0
4791,q0,0,0,0
4792,q0,0,0,0
4793,q0,0,0,0
4794,q0,0,0,0
4795,q0,0,0,0
4796,q0,0,0,0
4797,q0,0,0,0
4798,q0,0,0,0
4799,q0,0,0,0
4800,q0,0,0,0
4801,q0,0,0,0
4802,q0,0,0,0
4803,q0,0,0,0
4804,q0,0,0,0
4805,q0,0,0,0
4806,q0,0,0,0
4807,q0,0,0,0
4808,q0,0,0,0
4809,q0,0,0,0
4810,q0,0,0,0
4811,q0,0,0,0
4812,q0,0,0,0
4813,q0,0,0,0
4814,q0,0,0,0
4815,q0,0,0,0
4816,q0,0,0,0
4817,q0,0,0,0
4818,q0,0,0,0
4819,q0,0,0,0
4820,q0,0,0,0
4821,q0,0,0,0
4822,q0,0,0,0
4823,q0,0,0,0
4824,q0,0,0,0
4825,q0,0,0,0
4826,q0,0,0,0
4827,q0,0,0,0
4828,q0,0,0,0
4829,q0,0,0,0
4830,q0,0,0,0
4831,q0,0,0,0
4832,q0,0,0,0
4833,q0,0,0,0
4834,q0,0,0,0
4835,q0,0,0,0
4836,q0,0,0,0
4837,q0,0,0,0
4838,q0,0,0,0
4839,q0,0,0,0
4840,q0,0,0,0
4841,q0,0,0,0
4842,q0,0,0,0
4843,q0,0,0,0
4844,q0,0,0,0
4845,q0,0,0,0
4846,q0,0,0,0
4847,q0,0,0,0
4848,q0,0,0,0
4849,q0,0,0,0
4850,q0,0,0,0
4851,q0,0,0,0
4852,q0,0,0,0
4853,q0,0,0,0
4854,q0,0,0,0
4855,q0,0,0,0
4856,q0,0,0,0
4857,q0,0,0,0
4858,q0,0,0,0
4859,q0,0,0,0
4860,q0,0,0,0
4861,q0,0,0,0
4862,q0,0,0,0
4863,q0,0,0,0
4864,q0,0,0,0
4865,q0,0,0,0
4866,q0,0,0,0
4867,q0,0,0,0
4868,q0,0,0,0
4869,q0,0,0,0
4870,q0,0,0,0
4871,q0,0,0,0
4872,q0,0,0,0
4873,q0,0,0,0
4874,q0,0,0,0
4875,q0,0,0,0
4876,q0,0,0,0
4877,q0,0,0,0
4878,q0,0,0,0
4879,q0,0,0,0
4880,q0,0,0,0
4881,q0,0,0,0
4882,q0,0,0,0
4883,q0,0,0,0
4884,q0,0,0,0
4885,q0,0,0,0
4886,q0,0,0,0
4887,q0,0,0,0
4888,q0,0,0,0
4889,q0,0,0,0
4890,q0,0,0,0
4891,q0,0,0,0
4892,q0,0,0,0
4893,q0,0,0,0
4894,q0,0,0,0
4895,q0,0,0,0
4896,q0,0,0,0
4897,q0,0,0,0
4898,q0,0,0,0
4899,q0,0,0,0
4900,q0,0,0,0
4901,q0,0,0,0
4902,q0,0,0,0
4903,q0,0,0,0
4904,q0,0,0,0
4905,q0,0,0,0
4906,q0,0,0,0
4907,q0,0,0,0
4908,q0,0,0,0
4909,q0,0,0,0
4910,q0,0,0,0
4911,q0,0,0,0
4912,q0,0,0,0
4913,q0,0,0,0
4914,q0,0,0,0
4915,q0,0,0,0
4916,q0,0,0,0
4917,q0,0,0,0
4918,q0,0,0,0
4919,q0,0,0,0
4920,q0,0,0,0
4921,q0,0,0,0
4922,q0,0,0,0
4923,q0,0,0,0
4924,q0,0,0,0
4925,q0,0,0,0
4926,q0,0,0,0
4927,q0,0,0,0
4928,q0,0,0,0
4929,q0,0,0,0
4930,q0,0,0,0
4931,q0,0,0,0
4932,q0,0,0,0
4933,q0,0,0,0
4934,q0,0,0,0
4935,q0,0,0,0
4936,q0,0,0,0
4937,q0,0,0,0
4938,q0,0,0,0
4939,q0,0,0,0
4940,q0,0,0,0
4941,q0,0,0,0
4942,q0,0,0,0
4943,q0,0,0,0
4944,q0,0,0,0
4945,q0,0,0,0
4946,q0,0,0,0
4947,q0,0,0,0
4948,q0,0,0,0
4949,q0,0,0,0
4950,q0,0,0,0
4951,q0,0,0,0
4952,q0,0,0,0
4953,q0,0,0,0
4954,q0,0,0,0
4955,q0,0,0,0
4956,q0,0,0,0
4957,q0,0,0,0
4958,q0,0,0,0
4959,q0,0,0,0
4960,q0,0,0,0
4961,q0,0,0,0
4962,q0,0,0,0
4963,q0,0,0,0
4964,q0,0,0,0
4965,q0,0,0,0
4966,q0,0,0,0
4967,q0,0,0,0
4968,q0,0,0,0
4969,q0,0,0,0
4970,q0,0,0,0
4971,q0,0,0,0
4972,q0,0,0,0
4973,q0,0,0,0
4974,q0,0,0,0
4975,q0,0,0,0
4976,q0,0,0,0
4977,q0,0,0,0
4978,q0,0,0,0
4979,q0,0,0,0
4980,q0,0,0,0
4981,q0,0,0,0
4982,q0,0,0,0
4983,q0,0,0,0
4984,q0,0,0,0
4985,q0,0,0,0
4986,q0,0,0,0
4987,q0,0,0,0
4988,q0,0,0,0
4989,q0,0,0,0
4990,q0,0,0,0
4991,q0,0,0,0
4992,q0,0,0,0
4993,q0,0,0,0
4994,q0,0,0,0
4995,q0,0,0,0
4996,q0,0,0,0
4997,q0,0,0,0
4998,q0,0,0,0
4999,q0,0,0,0
